timestamp,close,volume_24h,funding_rate,fear_greed,holder_trend,narrative_score
2023-09-22,211.1,50135472.3992,0.0,47.0,0.0,0.0
2023-09-23,210.5,24779090.2678,0.0,47.0,0.0,0.0
2023-09-24,208.3,38827637.9994,0.0,47.0,0.0,0.0
2023-09-25,209.9,56924678.2105,0.0,47.0,0.0,0.0
2023-09-26,212.6,59488753.5475,0.0,47.0,0.0,0.0
2023-09-27,212.0,87213295.6396,0.0,47.0,0.0,0.0
2023-09-28,215.0,84416215.6065,0.0,47.0,0.0,0.0
2023-09-29,215.2,80287231.0222,0.0,47.0,0.3641600184736393,0.014252857095435889
2023-09-30,214.6,38525653.0438,0.0,47.0,-0.1629920763513948,0.009860906243132295
2023-10-01,218.2,89726682.2753,0.0,47.0,0.5,-0.03784365959199043
2023-10-02,214.6,123112092.6423,0.0,47.0,0.5,-0.04567170950032784
2023-10-03,213.5,63065028.0602,0.0,47.0,-0.014782273215471521,-0.0834260939587006
2023-10-04,213.4,69819488.4664,0.0,47.0,0.06905966790296,-0.09338484148236637
2023-10-05,210.6,54965499.6337,0.0,47.0,-0.22927887433010585,-0.06972223770665331
2023-10-06,213.4,54945455.1705,0.0,47.0,-0.17403859595017537,-0.09285242298746366
2023-10-07,212.3,26739226.3039,0.0,47.0,-0.5,-0.09517525895201762
2023-10-08,211.4,47548210.2222,0.0,47.0,-0.3924552086074522,-0.05693242181525604
2023-10-09,205.8,118525638.8665,0.0,47.0,0.3024130368481994,-0.0889678905153064
2023-10-10,208.6,120399736.9274,0.0,47.0,0.3245560945871437,-0.04325164368313805
2023-10-11,206.6,81917381.5586,0.0,47.0,-0.09393762351926266,0.0012876613452514896
2023-10-12,205.1,72953132.7042,0.0,47.0,-0.14555394662252252,-0.004748994281917218
2023-10-13,206.1,68240940.6759,0.0,47.0,-0.22414081362879734,0.00813585133542194
2023-10-14,206.5,29452373.0415,0.0,47.0,-0.5,0.02435329502766881
2023-10-15,209.7,76238355.8478,0.0,47.0,0.0010598842468200545,0.03857151741077369
2023-10-16,214.6,165487571.0136,0.0,47.0,0.5,0.019506436267603178
2023-10-17,211.4,79111066.0669,0.0,47.0,0.09069727052611569,-0.04659617282073514
2023-10-18,210.2,55325763.0858,0.0,47.0,-0.06993128896384618,-0.07264415456326123
2023-10-19,211.2,57695328.7046,0.0,47.0,0.008505965471464982,-0.08656368344477494
2023-10-20,212.1,73664939.3665,0.0,47.0,0.1214237086527134,-0.15077293324216745
2023-10-21,214.2,56232405.6178,0.0,47.0,-0.006719768967093309,-0.15313602950236005
2023-10-22,217.8,62866183.9462,0.0,47.0,0.04394867931240806,-0.13179843620359177
2023-10-23,228.5,187556172.7312,0.0,47.0,0.5,-0.19109420400637323
2023-10-24,225.2,231896447.9067,0.0,47.0,0.5,-0.258710552698699
2023-10-25,222.1,140855130.8811,0.0,47.0,0.5,-0.3229362236395792
2023-10-26,223.2,162660929.0755,0.0,47.0,0.5,-0.26513391718070967
2023-10-27,224.1,219332548.5696,0.0,47.0,0.5,-0.1715183345381952
2023-10-28,225.7,78745361.1092,0.0,47.0,0.08721428773882839,-0.17154233145647346
2023-10-29,227.1,60824339.7271,0.0,47.0,-0.04247228135699144,-0.21690519686519094
2023-10-30,228.0,90262886.821,0.0,47.0,-0.1089944990553355,-0.08933194214030316
2023-10-31,226.2,105313164.8925,0.0,47.0,-0.014541422080458763,-0.03339390478391735
2023-11-01,227.9,130526151.8536,0.0,47.0,0.1895672681640071,-0.0014226342840659711
2023-11-02,231.9,191104853.8685,0.0,47.0,0.5,0.0316968660205057
2023-11-03,230.2,114768431.2497,0.0,47.0,0.05493993917190848,0.0057701182713634225
2023-11-04,237.1,91700260.481,0.0,47.0,0.03276126430533649,0.043446210666223006
2023-11-05,244.0,148461728.7971,0.0,47.0,0.42210456869607016,0.12068090622796657
2023-11-06,255.1,210620058.5931,0.0,47.0,0.5,0.2045727007233129
2023-11-07,246.2,214554466.2946,0.0,47.0,0.5,0.13299198973721582
2023-11-08,246.7,123208657.9482,0.0,47.0,0.32529641669585707,0.15350628027684277
2023-11-09,251.6,328534543.7581,0.0,47.0,0.5,0.06918989002209441
2023-11-10,251.0,205904335.778,0.0,47.0,0.5,0.0318017243117259
2023-11-11,251.5,185242581.1229,0.0,47.0,0.4232191104260203,0.003509497071040979
2023-11-12,247.4,158268647.2047,0.0,47.0,0.04225712098918871,-0.08936278434540545
2023-11-13,241.1,234087272.3777,0.0,47.0,0.00772518284203999,-0.19061668825015565
2023-11-14,242.3,241108612.3373,0.0,47.0,0.19461836511826863,-0.04027329871123597
2023-11-15,253.7,227361551.2316,0.0,47.0,0.31932228210920877,-0.0686402484322941
2023-11-16,242.7,270933175.081,0.0,47.0,0.16559709315013177,-0.04145217507025367
2023-11-17,244.9,184229112.2533,0.0,47.0,-0.2079512846152729,-0.01173265819484004
2023-11-18,244.8,118012503.5516,0.0,47.0,-0.5,-0.0230136873346507
2023-11-19,246.4,92591222.5672,0.0,47.0,-0.5,-0.024041821122160245
2023-11-20,253.1,385938132.7184,0.0,47.0,0.5,0.045469661153244356
2023-11-21,225.5,1011993817.7675,0.0,47.0,0.5,-0.14938575948592359
2023-11-22,236.1,417655559.5203,0.0,47.0,-0.17875076940300258,-0.11498102600637194
2023-11-23,233.8,168197253.3751,0.0,47.0,-0.32777150019186085,-0.13587809212392488
2023-11-24,232.7,144657214.7094,0.0,47.0,-0.4170369753278387,-0.15969982172160746
2023-11-25,234.4,73311189.6661,0.0,47.0,-0.4569673308188475,-0.15128577815233202
2023-11-26,231.7,101501869.2893,0.0,47.0,-0.499886712511748,-0.1240061008842599
2023-11-27,227.2,188795151.7685,0.0,47.0,-0.5,-0.19365622284271033
2023-11-28,229.6,124990569.2474,0.0,47.0,-0.06457510134882338,-0.0798716241797357
2023-11-29,227.3,95227304.2401,0.0,47.0,-0.364394056227136,-0.09840567374315445
2023-11-30,227.6,82134829.4554,0.0,47.0,-0.30772612334735516,-0.07607945928897908
2023-12-01,228.5,97377363.7116,0.0,47.0,-0.2382680138069867,-0.0874826674944944
2023-12-02,229.0,104181500.1925,0.0,47.0,-0.2536702287362283,-0.13446314196801312
2023-12-03,228.1,135571793.4611,0.0,47.0,-0.1830783008656045,-0.16592130252128312
2023-12-04,233.5,340713237.4163,0.0,47.0,0.2836334531775767,-0.19953987721650845
2023-12-05,231.2,199321079.6331,0.0,47.0,0.14488330858852272,-0.3168208816178706
2023-12-06,229.4,198533925.8919,0.0,47.0,0.2668814337949552,-0.2936662504035783
2023-12-07,232.6,183986311.039,0.0,47.0,0.2626497613244243,-0.25026249930232725
2023-12-08,238.9,179932210.9931,0.0,47.0,0.35168022579783553,-0.1927415872070739
2023-12-09,237.7,202267145.4988,0.0,47.0,0.3755414201660304,-0.14014989699921498
2023-12-10,239.8,103874632.9652,0.0,47.0,0.012715769023363355,-0.08840837017007885
2023-12-11,246.4,481507074.9227,0.0,47.0,0.5,0.1456285222711895
2023-12-12,254.6,474066909.6198,0.0,47.0,0.5,0.3195419810933047
2023-12-13,252.0,287346449.3793,0.0,47.0,0.5,0.2378769277176236
2023-12-14,253.3,205663878.7038,0.0,47.0,0.39114117866321685,0.18958314569174028
2023-12-15,244.9,162781619.0281,0.0,47.0,-0.047659781827560144,0.15123271239880753
2023-12-16,244.4,109276324.5659,0.0,47.0,-0.1665426493629768,0.12205428363119664
2023-12-17,238.8,112451147.5021,0.0,47.0,-0.3125325959553351,0.10195371149904076
2023-12-18,241.7,207558062.952,0.0,47.0,-0.13204626353417054,-0.10623585988252926
2023-12-19,252.9,392788601.6509,0.0,47.0,0.3384204170265605,-0.051125062807327426
2023-12-20,260.3,286414435.3106,0.0,47.0,0.26943456548481826,0.028554700063211147
2023-12-21,272.1,344882938.8172,0.0,47.0,0.5,0.10941241607866958
2023-12-22,271.1,261603644.0307,0.0,47.0,0.5,0.11722070201544277
2023-12-23,271.0,109797737.1071,0.0,47.0,0.21943101721756103,0.1503061984502767
2023-12-24,264.5,153772670.7267,0.0,47.0,0.2983605561807602,0.137086328690315
2023-12-25,266.9,124678355.3422,0.0,47.0,0.24424447988822368,0.16546729609437705
2023-12-26,297.7,677051118.3951,0.0,47.0,0.5,0.34327026664132543
2023-12-27,324.1,645877189.4539,0.0,47.0,0.5,0.501199071834791
2023-12-28,322.6,737870670.9829,0.0,47.0,0.5,0.4303747850137074
2023-12-29,313.7,444941733.1464,0.0,47.0,0.5,0.4007946898524002
2023-12-30,317.1,177942240.5332,0.0,47.0,0.5,0.41169979138288726
2023-12-31,311.8,212735142.2708,0.0,47.0,0.5,0.3905889762751933
2024-01-01,313.5,192732706.8128,0.0,47.0,0.5,0.32149947597251227
2024-01-02,312.2,295174406.4809,0.0,47.0,0.1896926855250708,-0.01729086564903648
2024-01-03,315.8,676220588.2609,0.0,47.0,0.28240727590691067,-0.024341695202203306
2024-01-04,323.7,361837483.3215,0.0,47.0,0.016443106886095273,-0.06776686488331007
2024-01-05,317.5,368222963.7918,0.0,47.0,0.058341213960230016,-0.07457553566239206
2024-01-06,307.5,278569949.9934,0.0,47.0,-0.29375159947324536,-0.1473084690574038
2024-01-07,302.4,152361829.1541,0.0,47.0,-0.4665938466221126,-0.13812385405193428
2024-01-08,303.7,295303747.6348,0.0,47.0,-0.2994276707647414,-0.18798477231044486
2024-01-09,301.1,422526207.0798,0.0,47.0,-0.10441598887735282,-0.12286221097890104
2024-01-10,305.8,308162176.0144,0.0,47.0,-0.23320076826777053,-0.24112277575139962
2024-01-11,308.2,365379468.0055,0.0,47.0,-0.15019559079454775,-0.19488458242390183
2024-01-12,296.6,306490270.7949,0.0,47.0,-0.349248157328474,-0.06993073867481803
2024-01-13,302.2,130482656.592,0.0,47.0,-0.48869010259279816,0.016489237957167946
2024-01-14,299.5,119385412.0975,0.0,47.0,-0.43898190395005726,0.0808300764499994
2024-01-15,317.5,538168739.2421,0.0,47.0,0.5,0.2800097918688509
2024-01-16,315.2,301098425.262,0.0,47.0,0.17617363110419854,0.22256789156163514
2024-01-17,309.4,334015672.2177,0.0,47.0,0.13297023953752524,0.18978524426661458
2024-01-18,313.0,286764675.8662,0.0,47.0,0.04139073571703596,0.2474520509586322
2024-01-19,314.7,260212056.1142,0.0,47.0,0.2175854000940339,0.17458044096727998
2024-01-20,317.2,102587302.7284,0.0,47.0,-0.1861233339599742,0.15304115525930118
2024-01-21,318.6,114699882.2174,0.0,47.0,-0.0685563137523722,0.13483138502668068
2024-01-22,305.9,219981142.9426,0.0,47.0,-0.3060150716982584,0.06539085326802163
2024-01-23,298.8,277158407.7849,0.0,47.0,-0.22143286162069611,0.04617107460169567
2024-01-24,293.1,236068964.3331,0.0,47.0,-0.31530438546648737,0.02046298479534947
2024-01-25,292.1,293393842.1302,0.0,47.0,-0.22464443972629838,-0.06742038068471579
2024-01-26,302.2,212965430.5951,0.0,47.0,-0.2820142469507366,-0.08733722447822823
2024-01-27,305.6,86914329.9027,0.0,47.0,-0.5,-0.09350593759017567
2024-01-28,305.3,125348980.2823,0.0,47.0,-0.5,-0.10517023254788715
2024-01-29,310.7,136398210.8905,0.0,47.0,-0.1953472540813791,-0.1573898453980438
2024-01-30,307.6,119841147.8526,0.0,47.0,-0.14139545876901244,-0.09366329208395952
2024-01-31,300.5,139453769.9253,0.0,47.0,-0.06051373919615596,-0.07399711663777175
2024-02-01,300.2,111693886.0914,0.0,47.0,-0.12038088236833233,-0.10078402807755493
2024-02-02,301.4,93531533.3372,0.0,47.0,-0.3046116886034741,-0.07111825058031385
2024-02-03,299.7,59934756.239,0.0,47.0,-0.4972526387449837,-0.08089398431269279
2024-02-04,304.7,153038899.9585,0.0,47.0,-0.04589807431123652,-0.030188284749399275
2024-02-05,301.2,148229310.0409,0.0,47.0,-0.1885844531847115,-0.033717457990759536
2024-02-06,302.7,78912339.4264,0.0,47.0,-0.3737458583268818,-0.03921148876805902
2024-02-07,307.3,107278134.5215,0.0,47.0,-0.018215107541143388,-0.03786093163968918
2024-02-08,319.2,290495868.1278,0.0,47.0,0.5,0.024188616395741658
2024-02-09,324.0,238469149.4622,0.0,47.0,0.5,-0.03210586368551649
2024-02-10,323.0,103609947.2204,0.0,47.0,0.2288648340460921,-0.06491944929264193
2024-02-11,320.7,90370119.2085,0.0,47.0,0.053973296760266826,-0.16349549871906888
2024-02-12,327.8,186477781.445,0.0,47.0,0.5,-0.16094233435262595
2024-02-13,324.7,143321078.2164,0.0,47.0,0.384154733876506,-0.16094322094104552
2024-02-14,333.9,149740983.6118,0.0,47.0,0.48029864799040767,-0.16264644822666607
2024-02-15,354.2,478646206.0905,0.0,47.0,0.5,-0.07178351548946438
2024-02-16,360.4,380862085.144,0.0,47.0,0.5,0.012892221245757618
2024-02-17,352.9,224091913.1848,0.0,47.0,0.5,0.022146180927760106
2024-02-18,349.8,174916562.0411,0.0,47.0,0.3895735966822347,0.022567839009972612
2024-02-19,351.6,292956743.1504,0.0,47.0,0.5,0.07078895632721194
2024-02-20,354.6,344718252.3894,0.0,47.0,0.5,0.08118203074438046
2024-02-21,379.2,622522220.3496,0.0,47.0,0.5,0.2692450926584842
2024-02-22,382.6,536344338.408,0.0,47.0,0.5,0.1831670832268537
2024-02-23,375.5,386866756.7837,0.0,47.0,0.3743989925550941,0.13674479204893686
2024-02-24,381.7,168773631.0203,0.0,47.0,0.1708175254417158,0.16610115669134085
2024-02-25,388.5,247170192.0434,0.0,47.0,0.43107935037320333,0.23695162393359848
2024-02-26,401.6,470452539.8288,0.0,47.0,0.5,0.18004890793238948
2024-02-27,394.6,364167988.7186,0.0,47.0,0.5,0.04272733119036154
2024-02-28,414.6,552001541.8641,0.0,47.0,0.5,-0.22150076330744328
2024-02-29,399.4,469627729.0748,0.0,47.0,0.42007394642799223,-0.2959919966347542
2024-03-01,407.4,237860266.1338,0.0,47.0,0.168941560608299,-0.289013104254336
2024-03-02,410.9,241430398.0742,0.0,47.0,0.12936521295371428,-0.25108867147526315
2024-03-03,414.5,344938583.2117,0.0,47.0,0.26368338258654106,-0.3063364053403461
2024-03-04,418.4,436000270.4003,0.0,47.0,0.31751887692626846,-0.4218461234592299
2024-03-05,394.1,842880032.1611,0.0,47.0,0.5,-0.23700061579830356
2024-03-06,429.4,751515764.4224,0.0,47.0,0.5,-0.04527471420638829
2024-03-07,474.6,749769224.1366,0.0,47.0,0.5,0.19033554095191763
2024-03-08,485.8,791088261.862612,0.0,47.0,0.5,0.2009886179962348
2024-03-09,488.3,414533147.6676,0.0,47.0,0.5,0.1726279303270868
2024-03-10,528.9,1008148996.342,0.0,47.0,0.5,0.3668677850366504
2024-03-11,523.0,837717178.0817,0.0,47.0,0.5,0.387688471553743
2024-03-12,537.5,1029803000.1368,0.0,47.0,0.5,0.4851881361704611
2024-03-13,630.5,1472173679.0133,0.0,47.0,0.5,0.6
2024-03-14,603.2,1276710945.0094,0.0,47.0,0.5,0.40527774446612375
2024-03-15,632.7,1801522551.2584,0.0,47.0,0.5,0.5643887990108403
2024-03-16,576.4,1089990828.5325,0.0,47.0,0.5,0.44904446946214627
2024-03-17,571.7,984797926.6451,0.0,47.0,0.4218606389125399,0.17815721880565727
2024-03-18,555.4,1280062076.3232,0.0,47.0,0.5,0.24788025676301717
2024-03-19,507.7,1331115169.0283,0.0,47.0,-0.0461344810194414,0.1554379682706728
2024-03-20,556.8,749188287.3,0.0,47.0,-0.5,-0.0905850264403647
2024-03-21,553.8,530484956.5965,0.0,47.0,-0.5,0.0011531753450495508
2024-03-22,553.8,665146195.2231,0.0,47.0,-0.5,-0.08528579674066816
2024-03-23,551.9,338703185.9031,0.0,47.0,-0.5,-0.04486929594480471
2024-03-24,567.7,247685878.078,0.0,47.0,-0.5,0.020614916519917426
2024-03-25,587.0,469579231.5133,0.0,47.0,-0.025603049650597565,0.04664143025397971
2024-03-26,580.4,332801887.0926,0.0,47.0,0.36981555978268005,0.026430350980178208
2024-03-27,574.3,305741133.052,0.0,47.0,-0.15843975263093996,0.014820641446851912
2024-03-28,583.4,294749471.6428,0.0,47.0,-0.012221340388192836,-0.054299993477481046
2024-03-29,612.5,635441895.7802,0.0,47.0,0.5,0.02220246350474575
2024-03-30,600.7,303309397.2959,0.0,47.0,0.1937842350581629,0.0020610361219062234
2024-03-31,606.7,196801011.3464,0.0,47.0,0.051942524290214065,0.01628296944911556
2024-04-01,575.8,422232040.5397,0.0,47.0,-0.1616008833956366,-0.03157141370301919
2024-04-02,551.4,557890803.7339,0.0,47.0,-0.029894640338135436,0.029348508774586834
2024-04-03,561.5,380450017.1563,0.0,47.0,-0.163700014294092,0.05638010511694591
2024-04-04,585.5,513029443.1814,0.0,47.0,0.24344293388152866,0.07198557350931267
2024-04-05,577.8,367049671.0699,0.0,47.0,-0.3226314345532817,-0.05518430979012279
2024-04-06,585.4,132278897.6139,0.0,47.0,-0.5,-0.031217703510071138
2024-04-07,583.9,154585203.3597,0.0,47.0,-0.5,-0.021299321317330477
2024-04-08,586.4,285425656.2693,0.0,47.0,-0.037665358405022664,-0.019756122824091893
2024-04-09,580.5,345991219.2587,0.0,47.0,0.2563879411325982,-0.006940119457621741
2024-04-10,609.7,483100690.5672,0.0,47.0,0.5,0.030155766535471695
2024-04-11,604.6,350892798.4008,0.0,47.0,0.13196665032966703,0.02090146326043074
2024-04-12,595.6,922093314.9389,0.0,47.0,0.5,0.08237661156009812
2024-04-13,553.1,988296299.5608,0.0,47.0,0.37664101100675695,0.033966787093306916
2024-04-14,566.4,533164946.8269,0.0,47.0,-0.06013123338494446,0.046705553363699526
2024-04-15,552.7,395592622.7526,0.0,47.0,-0.36329838300167816,0.11404798746453682
2024-04-16,537.6,336470058.8908,0.0,47.0,-0.49819732608642253,0.007016907115835025
2024-04-17,534.1,350644262.6027,0.0,47.0,-0.5,0.016870206366975893
2024-04-18,552.1,322107047.8927,0.0,47.0,-0.5,0.01306198265626679
2024-04-19,554.0,299560802.6402,0.0,47.0,-0.49572277147813615,-0.04139902289159947
2024-04-20,570.9,136141960.463,0.0,47.0,-0.18280644940427143,0.03257449375519572
2024-04-21,579.6,159867167.9353,0.0,47.0,-0.19963867656262313,0.06856173222567974
2024-04-22,604.5,312535591.8883,0.0,47.0,0.33361349778309446,0.08024287483366566
2024-04-23,606.2,338016342.9297,0.0,47.0,0.5,0.17304903751914313
2024-04-24,608.8,398136610.0393,0.0,47.0,0.5,0.18140862668654334
2024-04-25,613.2,276456819.9268,0.0,47.0,0.39045213864350614,0.1889353056996046
2024-04-26,598.0,182921811.3128,0.0,47.0,0.14319921250452816,0.16034904289721186
2024-04-27,596.2,159075524.0425,0.0,47.0,-0.15995996966728054,0.134169297997893
2024-04-28,600.2,155563327.3273,0.0,47.0,-0.19537831959514246,0.12721217004899388
2024-04-29,592.8,194895190.9459,0.0,47.0,-0.31061251249914656,0.049687510699291115
2024-04-30,578.4,442024066.4745,0.0,47.0,0.2957969489452845,0.08119644452143682
2024-05-01,561.8,371042856.3967,0.0,47.0,-0.08175835696534739,0.029908296745215113
2024-05-02,560.5,200004508.9447,0.0,47.0,-0.5,-0.00326906990967446
2024-05-03,587.0,196300747.86,0.0,47.0,-0.25370986890450375,-0.008939215778681175
2024-05-04,585.7,115907821.4002,0.0,47.0,-0.47347691998407954,-0.048776391265934915
2024-05-05,592.0,106025278.2271,0.0,47.0,-0.4545250412971851,-0.055632195236044346
2024-05-06,588.2,164915187.6334,0.0,47.0,-0.23347354086013608,0.006426694335935457
2024-05-07,576.5,170615635.1222,0.0,47.0,-0.1666320355728924,-0.060633666421555876
2024-05-08,588.6,173445200.0971,0.0,47.0,0.1291818050154147,-0.0015018805987754291
2024-05-09,596.8,277461169.032,0.0,47.0,0.5,-0.006380633264274405
2024-05-10,585.6,174757720.3065,0.0,47.0,-0.11518592525188685,0.06144987638048205
2024-05-11,592.2,123879065.4674,0.0,47.0,-0.19641311324839117,0.11817162525967695
2024-05-12,594.8,113647065.6195,0.0,47.0,-0.2444705516249982,0.08844496217769993
2024-05-13,591.7,231181529.9276,0.0,47.0,0.11107980131521646,0.019028374072045162
2024-05-14,567.1,260670269.0921,0.0,47.0,0.19864674987874997,-0.009032809334901248
2024-05-15,581.0,231640318.7261,0.0,47.0,0.20872256337926826,-0.18968153956998646
2024-05-16,569.2,237940982.045,0.0,47.0,0.051925145668429595,-0.1610223161163158
2024-05-17,580.9,136736066.0091,0.0,47.0,-0.2626919690558204,-0.2207891172948202
2024-05-18,580.3,97276169.0784,0.0,47.0,-0.5,-0.24040649948045822
2024-05-19,574.5,82153015.5064,0.0,47.0,-0.5,-0.22407180839266094
2024-05-20,599.6,273916587.4838,0.0,47.0,0.4636485474365585,-0.2436032589363144
2024-05-21,618.5,629680133.3534,0.0,47.0,0.5,-0.09710293134696979
2024-05-22,614.8,250112541.59,0.0,47.0,0.3508074421743119,0.026930291500594006
2024-05-23,599.3,365408323.5065,0.0,47.0,0.5,0.021929218569176623
2024-05-24,600.3,150540221.747,0.0,47.0,0.003952567549031338,0.02125727852883097
2024-05-25,602.4,73238183.6787,0.0,47.0,-0.1211320183631806,0.005171074242805052
2024-05-26,600.2,73993292.513,0.0,47.0,-0.07493962696514711,0.022062287532893965
2024-05-27,603.9,138990897.2628,0.0,47.0,-0.11578411139636291,0.0706139966816024
2024-05-28,601.7,170866428.7429,0.0,47.0,-0.21061146213223372,-0.004432138419654841
2024-05-29,595.7,127314783.2932,0.0,47.0,-0.30147723898336476,-0.018349901399320245
2024-05-30,595.1,134058231.5414,0.0,47.0,-0.15248189930906547,-0.025271964290860316
2024-05-31,593.7,100127890.5189,0.0,47.0,-0.23302930843986402,0.007477957225865639
2024-06-01,601.9,93807304.5433,0.0,47.0,-0.1939585525082089,0.04232056127425454
2024-06-02,602.9,119216586.139,0.0,47.0,-0.12418609919061516,0.030659976838721903
2024-06-03,626.4,408619568.5288,0.0,47.0,0.5,0.09256179495583505
2024-06-04,685.7,480618195.60853,0.0,47.0,0.5,0.2166504180474047
2024-06-05,698.8,471592896.6752871,0.0,47.0,0.5,0.24399051186724918
2024-06-06,711.2,383971667.0546109,0.0,47.0,0.5,0.318589966792457
2024-06-07,684.0,411647370.9832,0.0,47.0,0.5,0.25043064588586894
2024-06-08,682.7,148522259.267,0.0,47.0,0.5,0.22292664414179786
2024-06-09,673.0,117580243.2205,0.0,47.0,0.35004682337650406,0.17698327693412752
2024-06-10,625.1,443628428.2456,0.0,47.0,0.33675451519010546,-0.025371486063802573
2024-06-11,602.5,392329646.8744,0.0,47.0,-0.387309510917194,-0.1512711350682847
2024-06-12,619.4,280606534.9802,0.0,47.0,-0.5,-0.1472554277748508
2024-06-13,599.8,189807512.1516,0.0,47.0,-0.5,-0.19954160484607097
2024-06-14,603.3,168377597.5893,0.0,47.0,-0.5,-0.14046836982414468
2024-06-15,608.2,74376625.4952,0.0,47.0,-0.5,-0.12931181671463077
2024-06-16,610.8,63655028.5963,0.0,47.0,-0.5,-0.0995216749261536
2024-06-17,604.3,141794445.7183,0.0,47.0,-0.41175945970555444,0.0207578092423244
2024-06-18,588.6,269411551.1401,0.0,47.0,-0.08331020518814708,0.01740921898885328
2024-06-19,599.3,155686523.0016,0.0,47.0,-0.33610817530282244,0.031477847276836224
2024-06-20,587.7,172878669.7902,0.0,47.0,-0.20633885226603466,0.01665289470453546
2024-06-21,586.1,111683509.5204,0.0,47.0,-0.36372633149960254,0.0005307047987768154
2024-06-22,591.1,58889744.9883,0.0,47.0,-0.46958607585907997,0.003146179689305084
2024-06-23,577.5,82700074.1585,0.0,47.0,-0.5,-0.005047443746102109
2024-06-24,568.1,201975223.9453,0.0,47.0,-0.19517591493820224,0.0669776902350987
2024-06-25,578.2,101775508.7125,0.0,47.0,-0.28299375267892996,0.06805411390440974
2024-06-26,573.0,89021816.7667,0.0,47.0,-0.43990175922508623,0.038723274532634466
2024-06-27,581.7,114879067.5068,0.0,47.0,-0.12224088269157925,0.07711557934020319
2024-06-28,567.4,120971213.4525,0.0,47.0,-0.18362998060608057,0.05204473344121019
2024-06-29,570.0,57037745.3195,0.0,47.0,-0.5,0.030544423626102324
2024-06-30,582.2,98063504.92,0.0,47.0,-0.10827399183490241,0.03013562076707954
2024-07-01,576.9,109661771.2101,0.0,47.0,0.00022891330702853874,-0.05548652602444015
2024-07-02,580.1,83595650.9873,0.0,47.0,-0.18532380670937013,-0.004088978765491191
2024-07-03,556.7,162074388.468,0.0,47.0,0.218404775383379,-0.035324164367639854
2024-07-04,513.6,271362063.6033,0.0,47.0,0.20320853682559736,-0.08321840024897798
2024-07-05,497.7,477944738.996,0.0,47.0,0.2775442456567847,-0.11994365713990107
2024-07-06,526.0,116325464.473,0.0,47.0,-0.475641286982108,-0.06398753692767811
2024-07-07,490.7,141525511.5082,0.0,47.0,-0.5,-0.09402933610012587
2024-07-08,510.6,290874412.6181,0.0,47.0,-0.2279802098472931,-0.03317603074468023
2024-07-09,516.9,104783981.2704,0.0,47.0,-0.5,-0.0863914437250497
2024-07-10,524.7,107482904.158,0.0,47.0,-0.430396900807708,-0.03249220577340273
2024-07-11,524.8,139656345.3707,0.0,47.0,0.04667313809205935,0.03345139518654827
2024-07-12,533.8,109277155.6752,0.0,47.0,0.22170529395771849,0.10055602834844013
2024-07-13,532.4,85959545.6284,0.0,47.0,-0.15128849256514187,-0.009115092722968843
2024-07-14,544.8,79894219.4869,0.0,47.0,0.32809209969834985,0.04362006130195395
2024-07-15,585.3,189865878.4188,0.0,47.0,0.5,0.010147022687275076
2024-07-16,576.2,198747610.3712,0.0,47.0,0.5,-0.011519574205796967
2024-07-17,568.9,114191416.2815,0.0,47.0,0.2587417104189815,-0.05194880589126072
2024-07-18,571.9,87460889.8859,0.0,47.0,0.24597034327809753,-0.052384553959517355
2024-07-19,593.4,194179639.0283,0.0,47.0,0.5,-0.07971962234615448
2024-07-20,593.1,85733754.6122,0.0,47.0,0.3120939597258853,-0.04006383439151673
2024-07-21,602.5,145514213.204,0.0,47.0,0.5,-0.030537150420260506
2024-07-22,587.2,126474838.8711,0.0,47.0,0.016963003773481075,-0.08027183031966834
2024-07-23,581.9,125103987.1786,0.0,47.0,0.029685042109033114,-0.007643409718938621
2024-07-24,574.9,93548644.6785,0.0,47.0,-0.18522317915691733,-0.01910171256517934
2024-07-25,570.6,161664095.8419,0.0,47.0,0.22136390489575097,-0.06118287700776226
2024-07-26,580.9,89808484.418,0.0,47.0,-0.35984173682959025,-0.07957354208626155
2024-07-27,581.6,107622930.3255,0.0,47.0,-0.24418344762214428,-0.06131550168434741
2024-07-28,583.9,53762708.786,0.0,47.0,-0.5,-0.06422317806182365
2024-07-29,574.3,125254349.9433,0.0,47.0,-0.08694832532855236,-0.0218050105230414
2024-07-30,588.2,94752452.1439,0.0,47.0,-0.11269655636594197,0.014009733719128725
2024-07-31,576.5,113838698.8411,0.0,47.0,0.0073403664029952215,0.028449200597316038
2024-08-01,575.1,158920157.6353,0.0,47.0,0.3598978026099544,0.029326984305404036
2024-08-02,542.9,158973647.91,0.0,47.0,0.06301867781613685,0.05794337236979974
2024-08-03,529.6,131076763.6382,0.0,47.0,-0.34409115887695496,0.033226568827537495
2024-08-04,496.9,198331072.8714,0.0,47.0,-0.14249449250294366,-0.002350877250702599
2024-08-05,464.2,936709946.2717,0.0,47.0,0.06903995434932964,-0.001123702017532091
2024-08-06,484.8,221910821.6103,0.0,47.0,-0.5,-0.04439580448072822
2024-08-07,475.0,155878721.2477,0.0,47.0,-0.5,-0.058325300078839515
2024-08-08,517.1,142644959.0329,0.0,47.0,-0.5,-0.0894529611767767
2024-08-09,508.7,99252951.0151,0.0,47.0,-0.4434548685252042,-0.10451499872835845
2024-08-10,523.1,65106264.4061,0.0,47.0,-0.23136405105599575,-0.03197771636270086
2024-08-11,503.4,107396614.4,0.0,47.0,-0.053265076474555376,0.00719451254748904
2024-08-12,518.2,146276671.4102,0.0,47.0,0.5,0.03540001153671257
2024-08-13,524.2,132679939.5935,0.0,47.0,0.3160588024594893,-0.0004354045128618367
2024-08-14,523.4,115904285.2938,0.0,47.0,0.39567665069320157,0.07504061816523677
2024-08-15,519.2,119729441.4465,0.0,47.0,-0.08391777704233387,0.1425102715581108
2024-08-16,519.7,90234466.8196,0.0,47.0,-0.029041822631491354,0.10779236105336754
2024-08-17,541.6,104648859.6598,0.0,47.0,0.06237920979098566,0.11772618295397064
2024-08-18,531.2,80080999.4861,0.0,47.0,0.14076754231469762,0.12016543215853104
2024-08-19,558.4,126752012.1447,0.0,47.0,0.4245475446503741,0.15205674057070562
2024-08-20,569.4,239532350.7605,0.0,47.0,0.5,0.22439001767985234
2024-08-21,570.1,194150513.2876,0.0,47.0,0.5,0.09417808170598274
2024-08-22,582.9,211506200.4228,0.0,47.0,0.5,0.14684681985008208
2024-08-23,591.7,226667831.476,0.0,47.0,0.5,0.10170543520415354
2024-08-24,580.5,189230078.1068,0.0,47.0,0.5,-0.013180058461716104
2024-08-25,573.9,112871783.1875,0.0,47.0,0.19418458202402816,-0.037517490893154815
2024-08-26,548.2,157546934.309,0.0,47.0,-0.04895544215529311,-0.1507854980394001
2024-08-27,533.3,162636857.1307,0.0,47.0,-0.2576396769931699,-0.14039696022568204
2024-08-28,537.0,144652361.6358,0.0,47.0,-0.34649662613077653,-0.046752166815446916
2024-08-29,536.4,89803592.1243,0.0,47.0,-0.5,-0.12586375123955595
2024-08-30,535.2,105438037.1851,0.0,47.0,-0.5,-0.03752538241641634
2024-08-31,532.9,51436756.3339,0.0,47.0,-0.5,-0.0024235636835818752
2024-09-01,512.4,105736484.8896,0.0,47.0,-0.5,0.001128208492663596
2024-09-02,526.3,135310263.7192,0.0,47.0,-0.2891708830248844,0.03793230814730353
2024-09-03,518.7,118957795.679,0.0,47.0,-0.2825950583552753,0.010121441161140776
2024-09-04,507.6,220932561.9079,0.0,47.0,0.158060647639802,-0.07345073249966871
2024-09-05,502.4,89376836.949,0.0,47.0,-0.5,-0.0196597786295869
2024-09-06,487.2,176434177.2464,0.0,47.0,-0.16136539972697128,-0.004789257287947324
2024-09-07,493.5,69061059.8594,0.0,47.0,-0.5,0.0153587637093342
2024-09-08,503.1,67747241.9683,0.0,47.0,-0.4253667971426209,0.048580899496794006
2024-09-09,518.7,106181387.9937,0.0,47.0,-0.14423014172221868,0.04181268038180885
2024-09-10,517.0,83683310.8278,0.0,47.0,-0.2010317569071772,-0.011712818891324694
2024-09-11,530.1,106177105.3379,0.0,47.0,0.20252970061145784,0.1104875753938126
2024-09-12,544.5,148485556.5668,0.0,47.0,0.5,0.09809322741052995
2024-09-13,556.4,151886434.1994,0.0,47.0,0.5,0.0418680121281354
2024-09-14,553.3,76552118.0914,0.0,47.0,0.3226653164730691,0.026985808604658157
2024-09-15,553.4,114158887.1805,0.0,47.0,0.4674952520314794,0.044609275676384286
2024-09-16,533.7,145272204.9542,0.0,47.0,0.31748410455513176,0.01674472224853396
2024-09-17,546.2,106087089.093,0.0,47.0,0.19750420908871147,0.020031333829544362
2024-09-18,559.5,109823535.9459,0.0,47.0,0.26875255160849215,-0.04332044300180682
2024-09-19,567.0,173555626.4165,0.0,47.0,0.5,-0.08303498007748233
2024-09-20,569.0,146299260.296,0.0,47.0,0.3940510649057669,-0.044068821401585634
2024-09-21,588.6,121144029.985,0.0,47.0,0.34577004987012644,0.01572071832537958
2024-09-22,588.7,118527723.4824,0.0,47.0,0.2813085535394931,-0.02282614547556161
2024-09-23,604.5,225838917.1862,0.0,47.0,0.5,0.08920872410405334
2024-09-24,605.9,158406716.9744,0.0,47.0,0.5,0.0876628009988969
2024-09-25,587.4,131577137.9882,0.0,47.0,0.19816107170296138,0.05465352831064685
2024-09-26,596.3,199000531.3556,0.0,47.0,0.5,0.03262591588961783
2024-09-27,606.8,216600653.3691,0.0,47.0,0.5,0.0515717216656717
2024-09-28,601.1,159074265.4612,0.0,47.0,0.1613514343575345,-0.03673963093956534
2024-09-29,595.6,95653191.0634,0.0,47.0,-0.3414130508554128,-0.04020398779158674
2024-09-30,567.4,187098291.1132,0.0,47.0,-0.06798221784102224,-0.12235453333848256
2024-10-01,547.3,266084992.2632,0.0,47.0,0.1303197241243379,-0.0858441208659344
2024-10-02,542.5,154229595.0561,0.0,47.0,-0.47058090407812053,-0.07361658369743651
2024-10-03,544.8,119668355.7484,0.0,47.0,-0.5,-0.03705563567683634
2024-10-04,555.3,102741705.8821,0.0,47.0,-0.5,-0.057717589010014114
2024-10-05,563.0,70050933.4191,0.0,47.0,-0.5,-0.011367793177861962
2024-10-06,570.3,60348493.1096,0.0,47.0,-0.5,-0.0001388234196795235
2024-10-07,564.3,122157732.7852,0.0,47.0,-0.15080239574868826,0.023926335575778168
2024-10-08,580.8,164556094.6575,0.0,47.0,0.4005280028873047,0.07786055559786265
2024-10-09,570.7,187764600.0406,0.0,47.0,0.4511992503239711,0.10440040181587196
2024-10-10,563.9,100625398.3754,0.0,47.0,-0.044549784014830146,0.08415207456971108
2024-10-11,573.6,105075683.8837,0.0,47.0,-0.0003733402460534829,0.051285443573477085
2024-10-12,576.6,78315432.7874,0.0,47.0,-0.15122863123434466,0.011307873508807909
2024-10-13,572.2,67955148.4416,0.0,47.0,-0.2903840966665433,0.0050678056560902185
2024-10-14,589.1,147353933.5377,0.0,47.0,0.3404477102125358,-0.03617105340622073
2024-10-15,594.5,191193163.4713,0.0,47.0,0.5,-0.11091929205779794
2024-10-16,600.9,155177541.6939,0.0,47.0,0.5,-0.12452285768217175
2024-10-17,592.9,115638450.5871,0.0,47.0,0.23271807238822456,-0.13237825351918575
2024-10-18,599.2,81756722.0332,0.0,47.0,-0.01738805113846234,-0.09903468195975185
2024-10-19,597.7,47206621.5769,0.0,47.0,-0.25598493952960355,-0.09046016645358579
2024-10-20,605.9,74016985.857,0.0,47.0,0.013508332694265823,-0.07823154175705582
2024-10-21,598.8,166472429.799,0.0,47.0,0.37247272270976417,-0.0062158640636718054
2024-10-22,593.8,121183814.7858,0.0,47.0,0.02053090496307776,-0.012846593941245654
2024-10-23,584.9,131627008.0264,0.0,47.0,-7.568941527341666e-06,-0.025115036729233875
2024-10-24,594.5,86192860.0254,0.0,47.0,-0.17044733186148756,-0.017636899460948374
2024-10-25,575.3,148562012.6002,0.0,47.0,0.032010613571151925,-0.029218579313444515
2024-10-26,583.4,69636988.2744,0.0,47.0,-0.4267884543072073,-0.0102578839992844
2024-10-27,589.2,55358950.4306,0.0,47.0,-0.5,-0.025854410247600157
2024-10-28,601.1,112841110.9841,0.0,47.0,0.03036943053743444,-0.06904120774169265
2024-10-29,606.3,183028445.4459,0.0,47.0,0.5,-0.11541674693712833
2024-10-30,595.6,111921261.7247,0.0,47.0,0.12364310973547094,-0.13369018339408267
2024-10-31,576.6,162569407.1743,0.0,47.0,0.20601884439005363,-0.12161992643315367
2024-11-01,573.1,139653646.5376,0.0,47.0,0.15173146790169795,-0.09153873973674709
2024-11-02,568.6,81923716.4734,0.0,47.0,-0.3940824302234253,-0.11876168601833026
2024-11-03,557.7,121252911.9394,0.0,47.0,-0.26430783221026705,-0.1291025662180343
2024-11-04,552.5,147460854.17364,0.0,47.0,-0.17444024613071515,-0.10132237486982398
2024-11-05,563.21,118914324.13832,0.0,47.0,-0.35896087775706387,-0.04963121476244714
2024-11-06,592.22,312142762.64576,0.0,47.0,0.5,-0.10056854874426602
2024-11-07,598.26,226127478.91521,0.0,47.0,0.5,-0.08323444113455292
2024-11-08,597.82,190252650.44896,0.0,47.0,0.4154922217521215,-0.11557902887319527
2024-11-09,624.66,481873005.65544,0.0,47.0,0.5,-0.0133435828251951
2024-11-10,627.33,513661217.73232,0.0,47.0,0.5,-0.08744898366472809
2024-11-11,659.63,635276133.39284,0.0,47.0,0.5,-0.2252566317864364
2024-11-12,625.33,743633998.73705,0.0,47.0,0.5,-0.31507005208480354
2024-11-13,620.68,638914920.75909,0.0,47.0,0.5,-0.2956515309335046
2024-11-14,622.3,673257806.86197,0.0,47.0,0.5,-0.22198053203869916
2024-11-15,619.37,403836027.70154,0.0,47.0,0.21345440707862456,-0.3075239011957036
2024-11-16,622.69,279947693.94271,0.0,47.0,-0.16704409786430668,-0.3691118329533458
2024-11-17,618.9,373035601.88046,0.0,47.0,-0.12028966211966477,-0.2629335106051105
2024-11-18,618.93,300412598.77804,0.0,47.0,-0.491799593571486,-0.1643755801503226
2024-11-19,615.5,258923024.56484,0.0,47.0,-0.35938148689921706,-0.13055663449775312
2024-11-20,605.39,251205966.08475,0.0,47.0,-0.4037764764922669,-0.13582680352283805
2024-11-21,621.86,397863790.46244,0.0,47.0,-0.0721429204368618,-0.25315085644930946
2024-11-22,633.0,366036815.39355,0.0,47.0,-0.04443949065919789,-0.12867239282763476
2024-11-23,650.42,704006630.9684,0.0,47.0,0.5,-0.06736976175535947
2024-11-24,659.65,603815106.11156,0.0,47.0,0.5,-0.047357907588643666
2024-11-25,636.2,511818189.88482,0.0,47.0,0.2194066365566707,-0.0004799989059560694
2024-11-26,613.51,506683169.58735,0.0,47.0,0.09533996401647805,0.001022111130739578
2024-11-27,644.14,395138256.51757,0.0,47.0,0.24889594253851752,0.09457498068836756
2024-11-28,653.83,447310382.25311,0.0,47.0,0.3322667253894909,0.15719848560333483
2024-11-29,654.67,281863687.62204,0.0,47.0,-0.10091301242604,0.0974285011577567
2024-11-30,653.43,360781212.65124,0.0,47.0,-0.0915033521893969,0.035146393024430456
2024-12-01,655.99,284736496.31933,0.0,47.0,-0.29246250389893463,0.003507081790629085
2024-12-02,647.82,496814257.59973,0.0,47.0,0.26428901989844056,-0.02433738870069657
2024-12-03,734.64,1065360654.902801,0.0,47.0,0.5,0.31039709324302045
2024-12-04,739.53,1585363383.638898,0.0,47.0,0.5,0.23934243078088402
2024-12-05,717.1,833940195.14058,0.0,47.0,0.5,0.16631789636668382
2024-12-06,730.22,543354617.64708,0.0,47.0,0.5,0.18399764162005416
2024-12-07,749.72,332521641.55229,0.0,47.0,0.5,0.2236902423003806
2024-12-08,742.0,254746861.56089,0.0,47.0,0.40378489254423344,0.18146811656923667
2024-12-09,689.19,750478040.89311,0.0,47.0,0.45578137854531897,0.09775737618178981
2024-12-10,676.8,668829820.38149,0.0,47.0,-0.33242500295776106,-0.1729747900753129
2024-12-11,711.21,363578391.09084,0.0,47.0,-0.37406906005663954,-0.12807004483328877
2024-12-12,705.77,412636064.68138,0.0,47.0,-0.21973250137461878,-0.09470002143632184
2024-12-13,725.72,392046785.60903,0.0,47.0,-0.1969431026442201,-0.04608073394729528
2024-12-14,715.79,246341704.54359,0.0,47.0,-0.49933431492631897,-0.12232744192916689
2024-12-15,718.87,201977197.65233,0.0,47.0,-0.4550668924847446,-0.12869678090093073
2024-12-16,720.58,346826686.35011,0.0,47.0,0.053141691063228275,-0.0894690032744232
2024-12-17,717.69,364062746.7002,0.0,47.0,0.1716343977684358,-0.07671183039488705
2024-12-18,686.38,513577858.41071,0.0,47.0,-0.06727467907422137,-0.05160978243644698
2024-12-19,665.62,570986179.2514,0.0,47.0,-0.016230520565882978,-0.0629300240618329
2024-12-20,678.6,641954913.39672,0.0,47.0,0.044736583581227285,-0.058497387985187776
2024-12-21,663.49,356262914.98044,0.0,47.0,-0.5,-0.0647279859761074
2024-12-22,649.77,219106651.6007,0.0,47.0,-0.5,-0.014620936516332561
2024-12-23,694.16,407676502.73876,0.0,47.0,-0.18308798019062528,0.13744391832148262
2024-12-24,696.9,267684126.6879,0.0,47.0,-0.4042144723873448,0.08283292974837675
2024-12-25,702.72,163663370.11294,0.0,47.0,-0.308611930448097,0.06306877676391354
2024-12-26,689.4,266171547.7022,0.0,47.0,-0.006531868260541224,0.10572733124834022
2024-12-27,691.85,241387898.60907,0.0,47.0,-0.11322031309636899,0.11075272498070565
2024-12-28,722.13,246552528.75129,0.0,47.0,0.24168595367785825,0.2177109669758257
2024-12-29,694.71,170580495.58564,0.0,47.0,-0.0006556698521393289,0.1687518959325629
2024-12-30,705.36,207719498.60121,0.0,47.0,-0.1632405331931021,0.07631195837757732
2024-12-31,702.3,166146690.59762,0.0,47.0,-0.24837046355656717,0.11862704980758765
2025-01-01,707.84,95912659.04516,0.0,47.0,-0.32873103574387125,0.11188321244487853
2025-01-02,706.25,206642127.74701,0.0,47.0,0.0010938543020347496,0.023970881496541363
2025-01-03,714.88,206214578.80261,0.0,47.0,0.07632392750293558,-0.015613419585446042
2025-01-04,713.41,119663318.91078,0.0,47.0,-0.4307757523841615,-0.08544143724633924
2025-01-05,709.29,81589551.0974,0.0,47.0,-0.33282426494189254,-0.05671348583320679
2025-01-06,729.42,259202689.33863,0.0,47.0,0.49050619521124106,-0.135321738401315
2025-01-07,698.01,311205654.41287,0.0,47.0,0.4843164194181835,-0.08442803829954215
2025-01-08,696.03,295988402.30722,0.0,47.0,0.2970081314431986,-0.04328161114247031
2025-01-09,685.48,229395154.56301,0.0,47.0,-0.03229759012278642,0.03258426195534603
2025-01-10,693.21,162476464.702,0.0,47.0,-0.30089357187448007,0.009618368145906553
2025-01-11,696.7,61027521.95983,0.0,47.0,-0.5,0.0268766519933179
2025-01-12,693.34,54271115.40096,0.0,47.0,-0.5,0.03266696602020036
2025-01-13,688.64,260749933.34469,0.0,47.0,0.0016083895408620097,0.03880781277344081
2025-01-14,698.89,110907862.84401,0.0,47.0,-0.2115672635560616,0.010643811309275275
2025-01-15,714.59,198505959.43022,0.0,47.0,0.18852380508797137,-0.06105367218576596
2025-01-16,708.1,190449199.40963,0.0,47.0,0.1961762566047759,-0.09466393060955047
2025-01-17,721.76,208863892.21405,0.0,47.0,0.30087436638194964,-0.11506975613104009
2025-01-18,709.52,261042036.22393,0.0,47.0,0.332961323458835,-0.17368928728780997
2025-01-19,683.19,494826558.77689,0.0,47.0,0.5,-0.1728399521834385
2025-01-20,682.51,460253770.23451,0.0,47.0,0.4772054653756168,-0.18120977798914928
2025-01-21,692.21,201877994.17057,0.0,47.0,-0.10902586611025825,-0.21760141729994054
2025-01-22,695.52,152163801.08273,0.0,47.0,-0.287611171403058,-0.11724181275769663
2025-01-23,689.74,227449444.31795,0.0,47.0,-0.106185796664571,-0.13032784812025855
2025-01-24,680.45,192311060.58876,0.0,47.0,-0.350878455696923,-0.12970921553156933
2025-01-25,686.4,96002980.7489,0.0,47.0,-0.46912257395368145,-0.06881708736813796
2025-01-26,667.37,133335964.38517,0.0,47.0,-0.35805229561410656,-0.07174213526976336
2025-01-27,679.74,319943135.41218,0.0,47.0,0.20093496124411034,-0.0046518129555130905
2025-01-28,661.29,136320412.20259,0.0,47.0,-0.4723415131305435,0.0012626656029013361
2025-01-29,667.97,171429451.13217,0.0,47.0,-0.35133667335602337,-0.07973390172035089
2025-01-30,677.53,98572665.66848,0.0,47.0,-0.39707165226874497,-0.051045052140981095
2025-01-31,677.47,129837529.78904,0.0,47.0,-0.23608899466388342,0.03779259922041889
2025-02-01,652.94,118479169.50354,0.0,47.0,-0.45709254796121923,-0.018996346545229414
2025-02-02,617.8,319686544.33016,0.0,47.0,-0.018411164371051225,-0.05267703384564437
2025-02-03,617.21,761429704.70862,0.0,39.0,0.48749323683184,-0.16920371957320945
2025-02-04,572.69,320290589.1865,0.0,45.0,-0.5,-0.197454930403129
2025-02-05,569.55,129716884.83023,0.0,38.0,-0.5,-0.1573930882288419
2025-02-06,571.72,193969742.34818,0.0,35.0,-0.5,-0.15633658038152776
2025-02-07,577.71,129451341.96099,0.0,35.0,-0.5,-0.17886198322727442
2025-02-08,612.39,297489199.61406,0.0,35.0,-0.19912254326182277,-0.04091865610204737
2025-02-09,615.81,486494461.58509,0.0,35.0,0.3566089914034919,0.018897243723094093
2025-02-10,618.65,218954195.88323,0.0,35.0,-0.0405863381772447,0.08159810274686063
2025-02-11,642.11,310084181.73871,0.0,37.0,0.5,0.28304174922672654
2025-02-12,696.93,547344272.16887,0.0,35.0,0.5,0.4212674112780479
2025-02-13,664.72,1235503153.47365,0.0,40.0,0.5,0.3242198884928422
2025-02-14,659.71,435455485.36749,0.0,38.0,0.5,0.26328650205449033
2025-02-15,662.21,169188074.94996,0.0,41.0,0.17869178168903282,0.13937900921533242
2025-02-16,673.1,242885041.45402,0.0,41.0,0.3175253145842063,0.1932092321929182
2025-02-17,667.51,217073600.40769,0.0,38.0,0.25233567654078265,0.19184386001168763
2025-02-18,648.18,237605531.27277,0.0,38.0,-0.0668153036045081,0.021129470748484813
2025-02-19,653.38,230093608.31893,0.0,37.0,-0.4440271873967846,-0.09993080371146279
2025-02-20,656.36,140683645.98812,0.0,40.0,-0.28351868103959565,-0.06028216496530048
2025-02-21,647.47,207737127.35011,0.0,43.0,-0.2507601383519503,-0.010061193079236475
2025-02-22,668.57,197901565.80744,0.0,38.0,-0.11127423810424314,0.04008887453416654
2025-02-23,658.42,110014935.59318,0.0,40.0,-0.330019061804101,-0.046529661351236484
2025-02-24,614.2,228275603.70987,0.0,40.0,-0.49748573684592534,-0.07146066496919179
2025-02-25,623.49,393335861.56722,0.0,29.0,-0.12234334365174378,0.06997012555739524
2025-02-26,611.57,263292239.55094,0.0,26.0,-0.3675075914315994,0.12851188619847953
2025-02-27,605.41,180214548.10665,0.0,20.0,-0.5,0.12136689156168079
2025-02-28,588.07,348100030.61127,0.0,21.0,0.032801708739915336,0.06255103965336817
2025-03-01,607.93,174627265.35593,0.0,20.0,-0.5,0.03581945250778995
2025-03-02,623.94,290922261.43101,0.0,22.0,-0.02137077949292618,-0.06342992140206838
2025-03-03,576.1,296931073.33352,0.0,39.0,-0.07446637782866244,-0.00757879256831262
2025-03-04,584.01,277254366.05704,0.0,24.0,-0.1690444674559407,-0.09510354362023432
2025-03-05,598.24,122536170.87545,0.0,25.0,-0.4928450119464986,-0.19447493308285613
2025-03-06,596.5,134753375.22754,0.0,30.0,-0.4106605456159586,-0.15275882328476786
2025-03-07,594.77,172750428.92419,0.0,30.0,-0.13467518888768282,-0.03534784109965594
2025-03-08,593.1,69991200.96482,0.0,25.0,-0.5,-0.0524583163412351
2025-03-09,554.65,140015234.56134,0.0,24.0,-0.5,0.0650625959031843
2025-03-10,531.49,225187261.71934,0.0,17.0,-0.3728296654996303,0.021997118490388656
2025-03-11,551.61,377448189.6883,0.0,15.0,0.24016940584992985,-0.011303215371953446
2025-03-12,569.87,205368085.28517,0.0,19.0,-0.2704162921874361,0.05803438433523089
2025-03-13,579.8,379822302.22007,0.0,21.0,0.31065966779482107,0.14006863665164282
2025-03-14,587.76,124194131.58567,0.0,18.0,-0.33455644818578856,0.04137010193912283
2025-03-15,619.83,153638521.26638,0.0,22.0,0.04648271235526849,0.13383771800043598
2025-03-16,602.2,154620391.15023,0.0,24.0,0.2800086532455208,0.12587393713002504
2025-03-17,631.69,372213621.75484,0.0,22.0,0.5,0.23928079342511044
2025-03-18,627.81,280327124.87383,0.0,25.0,0.5,0.2815384477278309
2025-03-19,618.7,246061914.58732,0.0,23.0,0.5,0.09570761281883389
2025-03-20,630.47,363283126.57964,0.0,31.0,0.5,0.0981628188813426
2025-03-21,635.17,165876355.89652,0.0,27.0,0.2141023846841379,0.15880979954570673
2025-03-22,627.01,88175594.70204,0.0,27.0,-0.36308309010847145,0.034973647215104986
2025-03-23,623.79,96944430.59188,0.0,27.0,-0.19469227695557584,-0.013261187251686568
2025-03-24,637.08,193512028.36247,0.0,31.0,-0.055055097589736646,-0.06597546613989902
2025-03-25,629.82,353137599.65513,0.0,34.0,0.37468571641118636,-0.10670416484873524
2025-03-26,617.99,139017120.22607,0.0,34.0,-0.23668956052919324,-0.0037512767213170317
2025-03-27,637.36,471692258.54266,0.0,33.0,0.5,-0.04958710143783085
2025-03-28,619.81,199721001.67967,0.0,33.0,-0.2091824749954312,-0.05634680578581519
2025-03-29,602.99,154421898.07789,0.0,27.0,-0.3961393884930009,-0.04818149066451305
2025-03-30,602.2,118304368.03307,0.0,24.0,-0.4580520472508462,0.01656801319022083
2025-03-31,604.81,152922764.81958,0.0,24.0,-0.4196330133649525,0.01179699138666912
2025-04-01,611.13,346421089.82224,0.0,24.0,0.17174341037659252,-0.008212709198165191
2025-04-02,590.68,240612013.9548,0.0,29.0,-0.16918304262826134,0.012707981582580352
2025-04-03,592.67,303406596.77059,0.0,24.0,-0.11890088797041168,-0.048091478592217296
2025-04-04,597.71,105181815.22505,0.0,25.0,-0.45286932538378405,-0.058649720277475836
2025-04-05,593.13,51106827.24289,0.0,27.0,-0.4773922285670371,-0.05422736446045917
2025-04-06,555.54,189035699.70554,0.0,27.0,-0.4563835887236264,-0.05883718805044902
2025-04-07,554.6,397028708.94978,0.0,17.0,-0.014555118891367569,-0.08398183884589483
2025-04-08,553.72,118512835.45122,0.0,19.0,-0.5,0.019635966163591645
2025-04-09,582.32,213004910.74643,0.0,15.0,-0.0848006119408316,-0.030704188340895167
2025-04-10,578.03,212832786.45699,0.0,25.0,-0.08429579418443853,0.037260462570483766
2025-04-11,585.93,101866043.54306,0.0,21.0,-0.37167063332251027,-0.02830658956622112
2025-04-12,597.29,89655284.516,0.0,27.0,-0.2511485457685915,-0.02760431878026859
2025-04-13,584.28,85200185.56801,0.0,32.0,-0.027843958377899214,-0.03245048148100649
2025-04-14,584.54,90513576.06251,0.0,29.0,0.01778174509378133,-0.029173238752907338
2025-04-15,579.52,83039414.125,0.0,31.0,-0.00593706059097962,-0.098671065552836
2025-04-16,582.8,101484755.50647,0.0,29.0,-0.15209610561176293,-0.03261048457495752
2025-04-17,590.49,89134723.84238,0.0,30.0,-0.054010464615529524,-0.09106192680709446
2025-04-18,591.71,113223034.09646,0.0,32.0,-0.03429319695318407,-0.005463719142961843
2025-04-19,591.73,57098589.6793,0.0,32.0,-0.32035283760314454,-0.013929399826874134
2025-04-20,592.77,68276647.28278,0.0,33.0,-0.13333078900355136,-0.0048268432354627855
2025-04-21,597.34,103304762.56314,0.0,34.0,0.07250396645610857,-0.02535242304925278
2025-04-22,618.51,173308242.979,0.0,38.0,0.5,-0.0997429126560907
2025-04-23,605.71,191839028.68921,0.0,52.0,0.5,-0.15131305439590959
2025-04-24,601.55,122518204.22908,0.0,53.0,0.23532698414394598,-0.17520073305201178
2025-04-25,599.91,155796837.88555,0.0,52.0,0.42648962059243806,-0.21292360877069827
2025-04-26,607.23,83138818.02772,0.0,53.0,-0.06015616817653999,-0.1721369977491034
2025-04-27,603.46,73282794.69697,0.0,53.0,-0.16480286001234995,-0.16515619588676111
2025-04-28,606.16,86833971.50822,0.0,51.0,-0.07792039418662888,-0.14175045219556637
2025-04-29,601.0,143146651.13683,0.0,53.0,0.08993131460421833,-0.07403869059403867
2025-04-30,599.88,126352033.11528,0.0,52.0,0.046936151001374826,-0.02951621489559697
2025-05-01,599.63,94008927.36652,0.0,51.0,-0.16109326007993244,-0.05978694510923521
2025-05-02,600.69,84772654.30253,0.0,55.0,-0.18818248408952162,-0.04491633354752622
2025-05-03,599.36,60296742.70511,0.0,56.0,-0.4410226156650988,-0.05188412533259101
2025-05-04,586.03,85298964.66439,0.0,53.0,-0.3531323289041075,-0.06903778849489206
2025-05-05,597.61,119371782.25071,0.0,49.0,-0.032302913489316964,-0.022368955678232716
2025-05-06,602.57,128368850.19364,0.0,50.0,0.15527147890663648,-0.049460011519537606
2025-05-07,602.7,117132375.09366,0.0,53.0,0.1442485421596686,-0.0513061857157564
2025-05-08,629.17,236647691.95012,0.0,53.0,0.5,-0.04183315753453831
2025-05-09,666.29,306980185.05931,0.0,70.0,0.5,0.09280851975621118
2025-05-10,663.9,294150052.77147,0.0,71.0,0.5,0.028560542417913837
2025-05-11,651.15,210577921.77225,0.0,75.0,0.5,0.0134879277080997
2025-05-12,660.07,392542282.91301,0.0,73.0,0.5,0.03892123543517556
2025-05-13,664.13,272901658.76016,0.0,71.0,0.5,0.054177164343995
2025-05-14,652.47,190546608.72786,0.0,74.0,0.42835706660379513,0.03164578500021564
2025-05-15,651.88,204057655.69996,0.0,71.0,0.2135460451712767,0.06246533690831857
2025-05-16,646.76,131210358.66972,0.0,69.0,-0.350234331476708,-0.06817737074848673
2025-05-17,639.51,90893253.2512,0.0,68.0,-0.5,-0.041361810596838744
2025-05-18,651.53,122348372.20883,0.0,66.0,-0.26001779102601663,-0.0437099928248883
2025-05-19,649.62,135603856.35643,0.0,71.0,-0.30438701319172345,-0.0858005643842763
2025-05-20,650.0,109772099.60261,0.0,68.0,-0.40970333970491746,-0.09531217641347678
2025-05-21,673.31,311660393.95119,0.0,69.0,0.4770933265881831,-0.05468404347334266
2025-05-22,686.57,266404901.15309,0.0,73.0,0.42635070907673767,-0.04646482694018017
2025-05-23,656.98,231427488.3675,0.0,76.0,0.14563183309913258,-0.04290346087131258
2025-05-24,668.01,110606139.47037,0.0,67.0,-0.07322181103555508,-0.0007637724795741541
2025-05-25,669.44,112315213.63574,0.0,67.0,-0.12110067173311223,0.007071697409811506
2025-05-26,674.29,121339916.24473,0.0,69.0,-0.019178537048204186,0.0028079590386522746
2025-05-27,686.91,223248228.18154,0.0,68.0,0.5,0.07448303150987678
2025-05-28,686.89,145022738.54658,0.0,68.0,0.011888658496885904,0.07430633201285208
2025-05-29,675.02,178247626.81514,0.0,65.0,-0.01941882362882838,0.07569499172518679
2025-05-30,655.36,146064088.43998,0.0,61.0,-0.09477317263887007,0.0571792784377656
2025-05-31,658.01,103495185.93207,0.0,55.0,-0.3542774322866543,0.028894289343307067
2025-06-01,660.77,86198532.12636,0.0,56.0,-0.39814935598319906,0.03576987805981835
2025-06-02,665.93,94585715.4531,0.0,57.0,-0.337890377489734,0.040572156448721364
2025-06-03,661.59,105542302.93054,0.0,58.0,-0.4119741958138389,-0.008339773463644562
2025-06-04,663.23,83119492.0917,0.0,57.0,-0.4785115827455387,-0.011646402866900551
2025-06-05,633.32,176686621.86037,0.0,55.0,-0.06393189903752533,-0.04625139920867927
2025-06-06,642.7,108901056.43203,0.0,46.0,-0.23917884015415836,-0.04446222128669586
2025-06-07,650.82,58781736.18277,0.0,52.0,-0.4970685081029949,-0.04021599972115042
2025-06-08,652.0,47052170.18367,0.0,55.0,-0.5,-0.0282688983523518
2025-06-09,665.58,83644611.37634,0.0,55.0,-0.20354633816090875,-0.08427643342841695
2025-06-10,673.51,117408553.72931,0.0,64.0,0.14880875086896594,-0.05691766750076965
2025-06-11,667.43,119080780.42267,0.0,65.0,0.11961352714689673,-0.06275741174347349
2025-06-12,654.75,101339742.7784,0.0,61.0,0.1606035721096664,-0.014348418496463733
2025-06-13,655.35,145072177.3044,0.0,54.0,0.4915360189988803,0.005264562592667055
2025-06-14,645.61,60587334.88062,0.0,52.0,-0.37490624633507547,-0.01340503458488862
2025-06-15,648.19,51386018.57671,0.0,50.0,-0.3990004204687838,-0.009039150914767813
2025-06-16,650.74,81319264.39316,0.0,51.0,-0.22829432915912526,0.01832033770790842
2025-06-17,648.08,119391370.60418,0.0,53.0,-0.006856654064663931,0.028284781849893248
2025-06-18,644.77,92747657.02993,0.0,48.0,-0.20711824189852648,0.001283368196500545
2025-06-19,644.65,51715724.58785,0.0,48.0,-0.42965425698569965,-0.0116762374456012
2025-06-20,641.61,92391446.73424,0.0,48.0,-0.05495332052220602,0.010273148139431365
2025-06-21,628.97,91039970.44005,0.0,43.0,-0.11413148229801055,0.010959867701502812
2025-06-22,615.81,150461464.40226,0.0,40.0,0.2667138991271798,-0.012211957370910076
2025-06-23,640.49,137434002.16861,0.0,37.0,0.25841217323545046,-0.004149136149816268
2025-06-24,643.53,84247712.66687,0.0,47.0,-0.16618445132107756,-0.04334444829325168
2025-06-25,646.07,109446216.98338,0.0,48.0,0.11927169447036316,-0.04275705439024602
2025-06-26,642.3,66552033.67641,0.0,50.0,-0.278125930296236,-0.05102287867018318
2025-06-27,645.71,52434499.65195,0.0,49.0,-0.3112896410456565,-0.059817384559237574
2025-06-28,648.6,37311567.0011,0.0,49.0,-0.28510853353953486,-0.03896669110666373
2025-06-29,654.9,47617946.51691,0.0,50.0,-0.026611582448091586,-0.01949487355121393
2025-06-30,656.9,72511068.06305,0.0,52.0,0.009280285235998637,0.016826326703791583
2025-07-01,646.33,55853408.99266,0.0,50.0,-0.2067339047513247,0.016278334754863844
2025-07-02,659.71,74257373.93229,0.0,46.0,0.05225496530177967,0.014108039960349483
2025-07-03,663.59,65465622.82548,0.0,54.0,0.0222493065482125,0.016965426298479525
2025-07-04,653.6,58469301.0502,0.0,55.0,-0.1220450340396774,0.0069385219372071205
2025-07-05,656.16,33813242.68712,0.0,51.0,-0.29087998399512793,0.006511059376359096
2025-07-06,663.13,54387999.31117,0.0,50.0,-0.08225191988846325,0.00950175150486876
2025-07-07,661.06,55019317.81961,0.0,52.0,-0.0755409487878828,-0.008173954478098988
2025-07-08,660.63,57014603.7036,0.0,50.0,0.06161428873289052,-0.01710150282946321
2025-07-09,668.68,82087015.33234,0.0,52.0,0.5,-0.016616959034353673
2025-07-10,685.8,145245124.55052,0.0,58.0,0.5,-0.050325901419294716
2025-07-11,689.99,185244954.90644,0.0,67.0,0.5,-0.06540328407286689
2025-07-12,685.86,92906122.92625,0.0,69.0,0.3420489301107533,-0.07993615012100896
2025-07-13,692.0,58641223.00475,0.0,68.0,0.07440176730820289,-0.09392538174638076
2025-07-14,689.12,177173266.8273,0.0,70.0,0.5,-0.1289971480387524
2025-07-15,689.92,129048003.51493,0.0,70.0,0.45819040052497584,-0.07355380698745462
2025-07-16,708.61,167032328.53935,0.0,68.0,0.5,-0.01355952286178086
2025-07-17,720.65,294063734.31481,0.0,70.0,0.5,0.047024733364238624
2025-07-18,729.92,412241488.29112,0.0,71.0,0.5,0.10898188827792277
2025-07-19,733.2,137599574.21818,0.0,69.0,0.31962789414737525,0.13089185844890983
2025-07-20,756.82,189589685.25925,0.0,68.0,0.5,0.21793254930002748
2025-07-21,766.22,259224085.92258,0.0,67.0,0.5,0.264831660776484
2025-07-22,786.68,274410540.66907,0.0,67.0,0.5,0.24319388412939436
2025-07-23,776.74,558758062.209709,0.0,70.0,0.5,0.19017512566913108
2025-07-24,770.74,279037336.76837,0.0,67.0,0.45945447784950344,0.15305244300719978
2025-07-25,785.45,218078862.99362,0.0,66.0,0.3487406404334739,0.157420235554532
2025-07-26,793.29,101212044.16622,0.0,64.0,0.10937722865194538,0.1625540167643882
2025-07-27,844.0,324733711.4765263,0.0,64.0,0.5,0.1937086529767087
2025-07-28,824.07,436930876.448927,0.0,67.0,0.5,0.1393813569099147
2025-07-29,805.1,349478646.03652,0.0,63.0,0.2694312429976591,0.08023673718461888
2025-07-30,793.51,292598414.78571,0.0,63.0,0.10233347512483507,0.05860184171216809
2025-07-31,783.14,268061917.80243,0.0,62.0,0.018451860686367366,0.0757274595265347
2025-08-01,757.08,303104688.78998,0.0,57.0,-0.1342163585911867,0.001160047707691625
2025-08-02,736.42,157038728.0959,0.0,51.0,-0.5,-0.052237137525937616
2025-08-03,751.21,106592055.52365,0.0,48.0,-0.5,-0.13267763066159866
2025-08-04,768.63,130422799.09016,0.0,52.0,-0.5,-0.08360756488467658
2025-08-05,755.13,135631922.09486,0.0,55.0,-0.5,-0.05934373057426057
2025-08-06,769.55,124894215.68082,0.0,52.0,-0.44975484178931774,-0.012052799296989658
2025-08-07,788.67,145543031.21357,0.0,54.0,-0.1755425742332314,-0.01538444573929354
2025-08-08,793.5,154082425.69663,0.0,59.0,0.06868276059998638,0.036602375350360816
2025-08-09,798.83,163260549.46883,0.0,58.0,0.259138345571455,0.09990833821277079
2025-08-10,807.22,130869121.4424,0.0,59.0,0.15103744055103943,0.06006831427338577
2025-08-11,805.09,255934175.20574,0.0,62.0,0.466255397678737,0.031752992100382293
2025-08-12,832.47,219773129.75768,0.0,60.0,0.5,0.0996195353566347
2025-08-13,848.01,334799833.79984,0.0,63.0,0.5,0.05930756993144648
2025-08-14,840.42,502655557.964029,0.0,68.0,0.5,0.11722038533447421
2025-08-15,827.81,210411186.81867,0.0,59.0,0.25090474119920425,0.07503882231538617
2025-08-16,838.71,95367308.35974,0.0,57.0,-0.01739217185158498,0.08407421892568845
2025-08-17,855.38,140814256.94088,0.0,57.0,0.14583814578278798,0.1509927627659946
2025-08-18,846.99,196010871.99911,0.0,56.0,0.24702308282709032,0.1455239684253289
2025-08-19,824.11,177598520.77224,0.0,53.0,-0.12439439615558268,0.1007991244919737
2025-08-20,869.05,332759264.4561456,0.0,45.0,0.44049646538801573,0.1961706183286418
2025-08-21,839.49,237896920.484744,0.0,50.0,0.03042578323159076,0.0957636684350529
2025-08-22,900.21,375716244.242755,0.0,46.0,0.5,0.18184032867084832
2025-08-23,880.42,185676260.6218,0.0,56.0,0.09372377110079894,0.1325615892062797
2025-08-24,876.51,252241190.9115,0.0,53.0,0.12630180905772784,0.1160361709205624
2025-08-25,839.32,275451434.76334,0.0,50.0,0.01947963453000083,0.08711508532375745
2025-08-26,863.7,164870874.5443,0.0,43.0,0.007066467042000563,0.11574257857969172
2025-08-27,855.18,116374619.66615,0.0,47.0,-0.3974202767623048,0.020748282878766178
2025-08-28,873.47,202249121.93069,0.0,45.0,0.16633333121994817,0.07976457916115764
2025-08-29,862.3,155483294.41144,0.0,47.0,-0.4069116723385504,0.062155975809986996
2025-08-30,862.0,86722431.33024,0.0,39.0,-0.5,0.07287968609259399
2025-08-31,857.65,81214520.85845,0.0,40.0,-0.5,0.0494332945226299
2025-09-01,845.68,217105498.75903,0.0,39.0,0.08224647844387617,0.03104004563831797
2025-09-02,851.8,139702195.82979,0.0,39.0,-0.2812876840759616,-0.018193034565220145
2025-09-03,854.76,99662265.22545,0.0,42.0,-0.3120465381468362,-0.008958017539994145
2025-09-04,843.63,91679289.64725,0.0,44.0,-0.4643206518638372,-0.03570405112143571
2025-09-05,850.14,102670054.02438,0.0,41.0,-0.3173674144759009,-0.07032663016529339
2025-09-06,860.85,123901879.62194,0.0,41.0,-0.13302181755940745,-0.027878400200187725
2025-09-07,880.05,118996279.84708,0.0,40.0,0.01355062189797522,-0.0011792507137213804
2025-09-08,878.08,156027069.01887,0.0,42.0,0.358225480306145,0.024851077571641067
2025-09-09,880.01,132237315.63281,0.0,44.0,0.17982067888305936,0.06072775597950031
2025-09-10,893.77,274181538.835692,0.0,43.0,0.5,0.050915852315435384
2025-09-11,902.77,161378078.80814,0.0,47.0,0.4778767724209346,0.05437717099713035
2025-09-12,924.8,219285340.4397861,0.0,50.0,0.5,0.07859791267677307
2025-09-13,933.68,234836986.2596412,0.0,53.0,0.5,0.06519495331450242
2025-09-14,926.51,149043322.80995,0.0,52.0,0.21297191547420236,0.031250397353341786
2025-09-15,919.68,161428141.25427,0.0,51.0,0.2746919277187689,0.03613489735478437
2025-09-16,955.65,267637447.7470392,0.0,50.0,0.5,0.07790911560931191
2025-09-17,989.98,348652678.6945979,0.0,51.0,0.5,0.17163303905310823
2025-09-18,981.04,400199947.4299975,0.0,51.0,0.5,0.14584850567055696
2025-09-19,984.1,329790921.50354,0.0,52.0,0.5,0.13508772615346953
2025-09-20,1043.77,385737171.3124027,0.0,48.0,0.5,0.2398337596414002
2025-09-21,1047.8,492520656.676001,0.0,48.0,0.5,0.2624410161566766
2025-09-22,992.9,596953882.44591,0.0,47.0,0.5,0.2060212656745395
2025-09-23,1015.98,421467277.89249,0.0,40.0,0.5,0.208290655165577
2025-09-24,1018.49,369092358.89094,0.0,39.0,0.24530930138901383,0.11153709737203976
2025-09-25,945.9,621318167.97413,0.0,41.0,0.3641533536196253,0.0663782483583264
2025-09-26,960.8,364408611.11634,0.0,32.0,-0.1246921205611952,0.056232606884558445
2025-09-27,968.45,238037235.70271,0.0,34.0,-0.5,-0.039732983393119925
2025-09-28,993.01,183624760.07743,0.0,34.0,-0.5,-0.0513261623265322
2025-09-29,1029.79,295253054.46815,0.0,39.0,-0.017020091379249952,0.0448188061612349
2025-09-30,1008.51,261981911.10553,0.0,43.0,-0.31765438873699353,-0.0513148704124029
2025-10-01,1026.5,274516783.81454,0.0,42.0,-0.19341020568128217,-0.0776099905267511
2025-10-02,1090.22,401900249.30658,0.0,51.0,0.5,0.09348902896141276
2025-10-03,1189.4,842965061.361557,0.0,57.0,0.5,0.2462266268221498
2025-10-04,1150.75,390930674.94389,0.0,59.0,0.5,0.14379577531693322
2025-10-05,1167.38,357420641.03322,0.0,58.0,0.5,0.1493767099119987
2025-10-06,1223.19,711781233.380627,0.0,59.0,0.5,0.19458698344126457
2025-10-07,1304.43,1737403256.538668,0.0,62.0,0.5,0.45911094168663347
2025-10-08,1307.4,1076913281.89229,0.0,55.0,0.5,0.4678496067744651
2025-10-09,1255.35,1178510754.12517,0.0,58.0,0.5,0.2841284541750402
2025-10-10,1102.47,1738588911.96338,0.0,54.0,0.21038619162447603,0.00857216938642269
2025-10-11,1135.07,1181376420.04246,0.0,35.0,0.1649236505989794,0.16470023030667846
2025-10-12,1302.65,1490023746.48351,0.0,31.0,0.5,0.3698020552308179
2025-10-13,1294.55,1944702007.14038,0.0,40.0,0.5,0.2689751866725314
2025-10-14,1208.52,1691229151.13683,0.0,42.0,-0.051271243110853015,-0.010159830658859281
2025-10-15,1162.57,836699442.94997,0.0,37.0,-0.5,-0.018113683485777132
2025-10-16,1144.83,835695242.85643,0.0,32.0,-0.5,0.04532313312798353
2025-10-17,1071.15,1143128765.33737,0.0,28.0,-0.15519759158553745,0.055668904114101414
2025-10-18,1092.43,462124290.22768,0.0,25.0,-0.5,-0.012600252128802003
2025-10-19,1109.88,451830662.14455,0.0,27.0,-0.5,-0.18608272269830795
2025-10-20,1100.19,535214259.16311,0.0,30.0,-0.5,-0.219800649294146
2025-10-21,1057.16,586956054.55562,0.0,33.0,-0.5,-0.16678391229014267
2025-10-22,1071.82,424924796.09075,0.0,29.0,-0.5,-0.09841386475736846
2025-10-23,1126.72,864047274.96687,0.0,28.0,-0.16436071657826945,-0.06646227692636408
2025-10-24,1109.01,385108586.81592,0.0,32.0,-0.13863300239970971,-0.015246627227147869
2025-10-25,1116.53,181193804.95172,0.0,34.0,-0.26192301893806746,-0.03912228272102647
2025-10-26,1138.19,272038928.2965,0.0,36.0,-0.1523564666136405,-0.057904264620186385
2025-10-27,1138.88,569610822.72901,0.0,42.0,0.10709921330855543,0.005636076509627497
2025-10-28,1103.45,395192652.3363,0.0,42.0,0.023593936064820076,0.0026088080042026007
2025-10-29,1107.7,510072430.34674,0.0,39.0,0.12706282573940741,0.02132713952958687
2025-10-30,1079.05,554615753.48928,0.0,34.0,-0.17310360290028848,-0.0527254171963214
2025-10-31,1088.9,584994779.09792,0.0,31.0,0.09638866653157122,-0.011098679842003856
2025-11-01,1094.53,178160836.27944,0.0,33.0,-0.5,-0.01167432450229966
2025-11-02,1083.25,143615965.50532,0.0,35.0,-0.5,-0.02637965679702492
2025-11-03,993.54,695307374.09516,0.0,36.0,-0.2933838651733113,-0.12334704969318655
2025-11-04,936.77,924046511.24224,0.0,27.0,-0.20552401276171584,-0.10013383877758097
2025-11-05,959.33,497402208.36976,0.0,20.0,-0.5,-0.15634400635529122
2025-11-06,950.4,295927015.25126,0.0,24.0,-0.5,-0.10963485913855964
2025-11-07,991.15,434871852.02567,0.0,21.0,-0.4633062346666687,-0.0651508113879129
2025-11-08,991.03,300155965.29685,0.0,25.0,-0.5,-0.0477000309491975
2025-11-09,996.63,254503411.11084,0.0,24.0,-0.5,-0.05466679929928775
2025-11-10,991.98,280689673.13887,0.0,29.0,-0.21938459700470164,0.007591439924150123
2025-11-11,958.08,278122345.76054,0.0,31.0,-0.08616488452058507,0.014722124148942584
2025-11-12,952.86,207895272.16893,0.0,26.0,-0.2936614638084435,0.029458650774756734
2025-11-13,927.15,314259121.5093,0.0,25.0,-0.21842145698469823,-0.01628572911226156
2025-11-14,915.25,401204627.31223,0.0,22.0,-0.34163745631455666,0.016094774892394526
2025-11-15,932.28,151171632.97185,0.0,16.0,-0.5,0.012733660390727541
2025-11-16,926.56,233987143.9429,0.0,18.0,-0.5,0.059180331120723295
2025-11-17,907.36,305134278.30436,0.0,17.0,-0.4955719936985537,0.08966609091172106
2025-11-18,932.79,326663851.75577,0.0,15.0,-0.06278502347452648,0.14317545572778445
2025-11-19,897.77,268307936.85822,0.0,16.0,-0.377761985185523,0.0830701133870464
2025-11-20,866.51,269032673.70796,0.0,15.0,-0.40444406325313076,0.13109293715236348
2025-11-21,830.46,542979217.98351,0.0,11.0,0.3453633465864412,0.014826599616341474
2025-11-22,833.78,138427266.23421,0.0,10.0,-0.5,0.015822457306847726
2025-11-23,843.6,141704290.78926,0.0,10.0,-0.5,-0.021393771425578745
2025-11-24,864.92,211511619.02536,0.0,12.0,-0.39677573267024696,-0.008633157156224147
2025-11-25,862.57,135823380.71101,0.0,15.0,-0.5,-0.03027465029045362
2025-11-26,891.78,139460353.89772,0.0,15.0,-0.3273103323660199,0.010050297554569543
2025-11-27,895.74,126273074.47225,0.0,18.0,-0.11638722771562787,-0.04095663039316344
2025-11-28,887.19,155822041.55361,0.0,20.0,0.16162855484431937,0.0012698853498247509
2025-11-29,872.9,70344820.67889,0.0,20.0,-0.13460208664692708,-0.04925218612104265
2025-11-30,875.31,94178228.95986,0.0,20.0,-0.08729090864484201,-0.006130494193375746
2025-12-01,826.61,283999640.0346,0.0,20.0,-0.036303980378343065,-0.04296901875111514
2025-12-02,876.61,199034705.02779,0.0,16.0,0.08310867061978647,-0.05690295421979874
2025-12-03,920.76,204499249.05121,0.0,22.0,0.18982437462783974,-0.00012131476588184142
2025-12-04,899.92,150836824.66394,0.0,27.0,-0.06600175390852363,-0.006961204147548639
2025-12-05,883.57,122346994.84129,0.0,25.0,-0.20313662000829763,0.026180870337927376
2025-12-06,890.38,72211284.20858,0.0,21.0,-0.30230133500535267,0.07453516282685202
2025-12-07,894.37,117366943.71489,0.0,22.0,-0.050973211535472324,0.042768744537223125
2025-12-08,897.12,109535418.55455,0.0,24.0,0.25795711831679524,0.06981164351812508
2025-12-09,897.3,189336040.76546,0.0,25.0,0.3440219847253564,0.016508854861103206
2025-12-10,893.43,166693561.34981,0.0,30.0,-0.04921762202033092,-0.02908292140518931
2025-12-11,885.91,159114587.16925,0.0,29.0,-0.02925471798955196,-0.04059155649917501
2025-12-12,881.58,97852155.11364,0.0,29.0,-0.2499869906249793,-0.0255137355077506
2025-12-13,896.82,82431393.00693,0.0,26.0,-0.29003798100114464,-0.008018714666803817
2025-12-14,877.27,98442378.82563,0.0,27.0,-0.34287272296683846,0.010947857638557768
2025-12-15,858.6,182971113.85925,0.0,24.0,0.07551213363039966,0.006855174733552349
2025-12-16,875.63,208552022.88205,0.0,22.0,0.32537190687924145,0.055615001625135774
2025-12-17,843.07,324665474.7502,0.0,25.0,0.5,0.01272649182232266
2025-12-18,830.07,361452776.1874,0.0,22.0,0.3662912086849627,0.025201490868761667
2025-12-19,856.17,1035735760.17278,0.0,21.0,0.5,-0.010421123168113278
2025-12-20,854.17,48685094.40048,0.0,27.0,-0.4531291072485679,-0.05346690982856317
2025-12-21,858.64,59650811.23645,0.0,28.0,-0.30143514137685024,-0.05351220865840456
2025-12-22,858.66,127026489.4655,0.0,29.0,-0.11623248756700788,-0.05050601633934937
2025-12-23,844.3,88114840.52677,0.0,29.0,-0.33183722157731066,-0.06296884444962592
2025-12-24,846.58,71413872.14449,0.0,27.0,-0.14208612000112195,-0.024747889239120635
2025-12-25,829.64,61067016.30325,0.0,28.0,-0.16758240288823123,-0.04100171993069246
2025-12-26,834.72,100443874.53481,0.0,27.0,-0.24487607774636239,-0.03269351431149059
2025-12-27,845.04,75505665.25729,0.0,28.0,-0.20124353548183757,-0.010424895583491134
2025-12-28,859.32,78245545.48423,0.0,29.0,-0.13862009459142885,0.017513498133096883
2025-12-29,852.46,109137090.48325,0.0,30.0,-0.13646122015439716,0.01678542682650841
2025-12-30,861.65,62791986.8921,0.0,29.0,-0.03765493376999646,0.018249993801481956
2025-12-31,864.3,129779137.07024,0.0,32.0,0.055945550745675046,0.04234687208382648
2026-01-01,864.39,69705177.29618,0.0,31.0,0.11381105400174509,0.046768923936649553
2026-01-02,881.25,112918887.64463,0.0,34.0,0.5,0.051383860354455635
2026-01-03,878.63,70042659.0416,0.0,38.0,-0.006778836579506231,0.01688896311735677
2026-01-04,895.43,105626153.85529,0.0,40.0,0.4065229130721423,0.002703577052959538
2026-01-05,910.31,126791973.03969,0.0,42.0,0.5,-0.016104543931833692
2026-01-06,917.64,152112813.16727,0.0,49.0,0.5,0.011014357143023012
2026-01-07,900.3,135043755.77855,0.0,49.0,0.5,-0.001487730199801529
2026-01-08,892.26,119360812.46211,0.0,43.0,0.3312519274159812,0.0135848615002101
2026-01-09,896.86,72871176.25689,0.0,41.0,-0.20344789629599824,0.021067284448243573
2026-01-10,907.93,113143829.40285,0.0,40.0,0.26184727167333455,0.0694159744312608
2026-01-11,904.32,89755695.35323,0.0,40.0,-0.11390686493622051,0.031133154981589195
2026-01-12,905.78,98140526.01559,0.0,41.0,-0.08955722746392007,0.04467163631276505
2026-01-13,943.73,287537661.4946,0.0,41.0,0.5,0.021320514970303073
2026-01-14,948.47,172676671.03025,0.0,52.0,0.5,-0.015306583817356056
2026-01-15,931.2,122818352.97477,0.0,54.0,0.19463336494187872,-0.011614169251938922
2026-01-16,938.16,72238110.191,0.0,50.0,-0.048592603429580106,-0.016232555084190192
2026-01-17,947.12,81544127.02514,0.0,50.0,-0.02074461852785142,-0.016275712000896725
2026-01-18,932.51,72695033.76926,0.0,49.0,-0.10854898519458556,0.0039036241084171586
2026-01-19,923.6,193182830.06014,0.0,45.0,0.42899615122262763,0.010106217267819684
2026-01-20,884.2,148812503.80793,0.0,42.0,-0.20629658890456629,0.02028369544803188
2026-01-21,883.36,177017116.38232,0.0,32.0,-0.11296452425021491,0.017360430603122756
2026-01-22,888.06,87897354.20676,0.0,34.0,-0.42484195502146205,0.03380616613995646
2026-01-23,891.63,85731004.65856,0.0,34.0,-0.45876716325193134,0.02536096527542031
2026-01-24,887.17,45676993.9904,0.0,35.0,-0.5,-0.0021052096243590057
2026-01-25,866.02,105238816.20596,0.0,34.0,-0.4485987200013994,0.006910849702828292
2026-01-26,879.41,89665450.66266,0.0,29.0,-0.399990830378764,-0.003196469865235585
2026-01-27,898.36,122795528.3296,0.0,35.0,0.14725501300849586,0.013429794950786889
2026-01-28,902.91,99488384.44138,0.0,37.0,0.053044998096867226,0.04772244171658291
2026-01-29,868.69,238573056.22689,0.0,38.0,0.5,0.06601344688936384
2026-01-30,858.81,250705099.01046,0.0,28.0,0.3924085940525682,0.04557296822379309
2026-01-31,781.38,325750149.78876,0.0,26.0,0.07078152948909888,-0.0034825682290502424
2026-02-01,758.54,197918631.20065,0.0,18.0,-0.4572440540500014,-0.024329748303295817
2026-02-02,773.94,231808183.90377,0.0,15.0,-0.32546155792058923,-0.022348950606246643
2026-02-03,754.78,186179880.26269,0.0,17.0,-0.5,-0.01758101518072852
2026-02-04,697.27,307855228.98581,0.0,14.0,-0.5,-0.09415756946229847
2026-02-05,608.3,522394593.78958,0.0,11.0,-0.5,-0.08584986181701626
2026-02-06,657.21,372108743.10323,0.0,5.0,-0.5,-0.14477404377564218
2026-02-07,647.0,140501322.95354,0.0,8.0,-0.5,-0.1038849749498596
2026-02-08,639.93,79946063.82796,0.0,8.0,-0.5,-0.1402499748459718
2026-02-09,636.39,94018464.11116,0.0,9.0,-0.5,-0.13699412376570197
2026-02-10,619.85,96192842.4738,0.0,10.0,-0.5,-0.17464165928622677
2026-02-11,608.11,141941652.44398,0.0,9.0,-0.5,-0.08945196444297299
2026-02-12,614.29,74239627.08287,0.0,8.0,-0.2769640180957117,-0.08719871192154738
2026-02-13,618.94,128466424.29734,0.0,8.0,-0.4701474124886754,-0.06754465348407734
2026-02-14,632.77,71434358.34732,0.0,11.0,-0.37761438497329636,-0.05938884102319508
2026-02-15,615.16,82705229.27905,0.0,13.0,-0.4118522156826967,-0.034821459527288434
2026-02-16,627.19,65167083.27991,0.0,12.0,-0.29898244931646456,0.00660460580322475
2026-02-17,617.74,57071374.85841,0.0,13.0,-0.23638004232141382,0.03205723920533776
2026-02-18,604.8,59649032.64721,0.0,12.0,-0.20905257397717936,0.007643825127821691
2026-02-19,607.83,66119479.69708,0.0,11.0,-0.2125047534891715,-0.04310985356189079
2026-02-20,625.91,98064976.15346,0.0,12.0,0.14363814979502687,0.04674611079443736
2026-02-21,625.61,51308152.44786,0.0,14.0,-0.41928747342325917,0.030275158230868238
2026-02-22,614.8,42391475.19087,0.0,14.0,-0.4033164680833365,0.03338239647146213
2026-02-23,596.41,146545469.16557,0.0,14.0,0.31040671720760304,0.024834151369575563
2026-02-24,583.6,98873700.15517,0.0,11.0,-0.14875526408912584,-0.00845222523446365
2026-02-25,629.42,136172252.02719,0.0,11.0,0.5,0.03546237901863769
2026-02-26,625.74,79116947.84255,0.0,16.0,0.0980652872326337,0.0445601093456065
2026-02-27,614.03,79378256.08238,0.0,16.0,-0.11096449063744473,0.025194509993215375
2026-02-28,617.14,103755874.89134,0.0,14.0,0.1319253419284815,0.0024231642212575455
2026-03-01,617.96,105952441.96004,0.0,16.0,0.2267097471523801,0.06547894263731524
2026-03-02,637.79,128306008.70904,0.0,15.0,0.5,0.009648324168501254
2026-03-03,633.56,94808877.57976,0.0,20.0,0.4531924264664843,0.0375892570412284
2026-03-04,657.99,130078197.81306,0.0,19.0,0.5,-0.04685192349050338
2026-03-05,647.85,83739149.22326,0.0,25.0,0.031547635515626754,-0.03025871928415924
2026-03-06,627.31,73307014.99299,0.0,20.0,-0.11693672869985419,-0.02481366339035551
2026-03-07,620.26,39462409.22281,0.0,18.0,-0.4931808783818078,0.0014614371230097234
2026-03-08,611.98,50532305.7637,0.0,17.0,-0.48330704914185074,-0.025274965809098937
2026-03-09,634.64,76493957.24374,0.0,21.0,-0.18183515547048565,0.0016839494121771992
2026-03-10,642.0,64968408.80016,0.0,25.0,-0.17985639081734828,-0.020494074964960696
2026-03-11,651.46,77493770.03519,0.0,26.0,-0.13407268755045998,0.04826836616523922
2026-03-12,651.72,65966807.13229,0.0,28.0,-0.17318026974759806,0.021804071379939893
2026-03-13,655.73,153973279.25295,0.0,30.0,0.5,0.00792480967204634
2026-03-14,657.7,36131084.10072,0.0,31.0,-0.11234042126760219,0.0033025401081516748
2026-03-15,673.77,61797092.11362,0.0,36.0,0.33760252547156466,-0.00555098697716172
2026-03-16,679.71,153962533.22807,0.0,45.0,0.5,-0.046547938075433226
2026-03-17,668.61,99192451.22816,0.0,43.0,0.3316872800983096,-0.030349625012729753
2026-03-18,652.27,95190668.30481,0.0,34.0,0.12571240791234417,-0.02756462570252305
2026-03-19,639.15,75669936.48842,0.0,30.0,-0.13502656575934796,-0.021242033038591623
2026-03-20,642.11,62031631.98012,0.0,32.0,-0.24831643304673667,-0.029719410007311042
2026-03-21,630.7,34733011.0993,0.0,30.0,-0.5,-0.017681688410768892
2026-03-22,626.41,64477538.30602,0.0,25.0,-0.481962375430971,-0.004450156138464223
2026-03-23,639.11,164379521.08965,0.0,32.0,0.25255593576641244,-0.013213462359417116
2026-03-24,638.3,64099145.5025,0.0,33.0,-0.3839741069404866,5.6764665424147154e-05
2026-03-25,647.66,75925439.33003,0.0,35.0,-0.10825296841675995,-0.016661408501210007
2026-03-26,628.86,59890896.60571,0.0,29.0,-0.2624792880537353,-0.00046184857872222373
2026-03-27,613.95,81092767.4862,0.0,23.0,-0.21548220496929035,0.02868138598534431
2026-03-28,611.08,43031613.67827,0.0,23.0,-0.46100285911931277,0.01152570537920572
2026-03-29,606.09,50783703.52176,0.0,23.0,-0.39571960232558523,-0.010409695175656264
2026-03-30,609.29,75659973.45205,0.0,25.0,-0.22438603523802972,0.022584175463329803
2026-03-31,617.43,84997108.68721,0.0,30.0,-0.053715417700575724,-0.0009830102739061264
2026-04-01,610.81,77893570.08412,0.0,32.0,-0.23077424132314997,-0.023444772211789866
2026-04-02,583.52,174048190.49806,0.0,28.0,0.3366648249124955,-0.08844877755092773
2026-04-03,588.31,44847916.33419,0.0,28.0,-0.4504408370086993,-0.1003005885575683
2026-04-04,593.36,35254615.99161,0.0,30.0,-0.4565459833902749,-0.08581825635512086
2026-04-05,601.5,46287970.03219,0.0,35.0,-0.2562622165191084,-0.10674473250846983
2026-04-06,600.11,63421393.58738,0.0,35.0,-0.1317236253259847,-0.09170142686852278
2026-04-07,620.1,99075907.03912,0.0,47.0,0.2526225317704386,-0.09795643681572486
2026-04-08,601.16,99086250.75171,0.0,43.0,0.13337141422025592,-0.11839344873288438
2026-04-09,603.03,64745254.92078,0.0,45.0,0.086134939136384,-0.07919378647506736
2026-04-10,605.54,62943869.04619,0.0,49.0,0.06126878306717888,-0.12057761408345335
2026-04-11,607.05,57229812.41951,0.0,50.0,-0.029739578962228702,-0.12451586268054049
2026-04-12,592.19,61708268.2182,2.1923333333333334e-05,42.0,-0.1919907791437352,-0.08040391258212365
2026-04-13,614.71,83667752.5612,0.0,54.0,0.1940890973829614,-0.1129699727661424
2026-04-14,613.75,107004230.66104,8.104e-05,53.0,0.20414022611705707,-0.08185989161106977
2026-04-15,622.59,71047431.2543,2.726666666666667e-05,55.0,0.1323490050253733,-0.033954643466516554
2026-04-16,635.77,82305644.4231,3.6349999999999996e-05,56.0,0.4424827269743309,0.014799906285548392
2026-04-17,643.12,97715237.01149,3.341e-05,62.0,0.5,0.011479502986902368
2026-04-18,629.9,76422904.87484,5.596666666666667e-06,57.0,0.18505183149734375,0.0027605955057823373
2026-04-19,616.06,62599268.67886,4.2033333333333335e-06,50.0,-0.06601285896920572,-0.0059196783402790665
2026-04-20,629.26,57634537.69358,1.8296666666666667e-05,55.0,-0.22063864144508488,0.009096492450179738
2026-04-21,631.72,66708621.6678,1.8206666666666666e-05,57.0,-0.0055434446112125335,-0.0009200046879285217
2026-04-22,637.47,86905991.32744,4.4733333333333334e-05,61.0,0.3671279561043266,-0.04224754857546387
2026-04-23,638.54,62573305.06496,4.196666666666667e-06,60.0,-0.19973453405910793,-0.07386800290337359
2026-04-24,636.21,44968429.27877,3.539666666666667e-05,43.0,-0.5,-0.030964027497721647
2026-04-25,628.53,37311178.08933,1.0523333333333333e-05,44.0,-0.5,-0.055431811141568366
2026-04-26,635.76,34415048.81529,1.297e-05,46.0,-0.3269740814732201,-0.0676344106649922
2026-04-27,626.83,65310537.06297,6.986666666666666e-06,43.0,-0.05836929748071638,-0.048080172651193465
2026-04-28,624.55,38868567.20818,1.3673333333333332e-05,41.0,-0.43556768200662066,-0.02287337373056375
2026-04-29,617.39,63262853.78308,1.5346666666666667e-05,39.0,-0.1477802308531687,-0.0016461575126964778
2026-04-30,615.38,48478985.45592,2.3233333333333333e-06,40.0,-0.37093143868470485,-0.023704001147833553
2026-05-01,615.34,54465481.5865,1.1456666666666667e-05,44.0,-0.21690216203054127,-0.08611422639490107
2026-05-02,618.03,32066556.01918,2.3853333333333334e-05,46.0,-0.5,-0.06076974712331995
2026-05-03,617.27,45057448.71424,2.5303333333333332e-05,45.0,-0.2945423908614267,-0.05590413816325901
2026-05-04,622.63,129546423.00309,5.223666666666667e-05,47.0,0.5,-0.07775768448607456
2026-05-05,630.42,92527196.40466,6.395e-05,49.0,0.40808494375217175,-0.10073572347612059
2026-05-06,647.74,156387243.87649,7.432666666666667e-05,50.0,0.5,-0.051247683700671676
2026-05-07,637.02,92876311.73249,6.789e-05,48.0,0.3821059583072456,-0.025533111188766888
2026-05-08,649.36,69043114.76978,2.97e-06,48.0,0.2804396018405101,0.06041293321114383
2026-05-09,649.75,64050089.11391,6.773333333333333e-05,50.0,0.2037143124932002,0.05202909898515751
2026-05-10,663.55,78052969.18864,3.5233333333333334e-05,52.0,0.4134890800347286,0.05725448915793496
2026-05-11,670.6,120891525.79175,3.3526666666666665e-05,52.0,0.5,0.1068903022180474
2026-05-12,664.95,106821223.52236,7.437999999999999e-05,49.0,0.47803528111577154,0.11946005000088333
2026-05-13,671.68,152664824.09562,6.535333333333334e-05,47.0,0.5,0.12630598327357934
2026-05-14,678.27,108004625.97265,0.0,50.0,0.4405291764021919,0.10241155990252748
2026-05-15,672.38,113246350.97474,4.138666666666667e-05,45.0,0.3066801177097836,0.0978345436074477
2026-05-16,656.2,85527861.87184,0.0,43.0,-0.09433306061352262,0.08258061643038461
2026-05-17,649.48,62475461.3227,1.0883333333333333e-05,40.0,-0.5,0.07320774804322983
2026-05-18,643.53,80930592.70051,1.4323333333333332e-05,39.0,-0.38247700275437047,0.03532828425119816
2026-05-19,640.02,51927107.78688,4.943333333333333e-06,39.0,-0.5,0.016194712792135357
2026-05-20,649.5,53508039.16784,4.916333333333334e-05,39.0,-0.5,-0.021627773852554988
2026-05-21,658.58,67332314.04883,5.4000000000000005e-05,40.0,-0.34279502918475346,0.02763470270234958
2026-05-22,650.44,81467709.91507,2.0246666666666667e-05,35.0,-0.22678128387205249,0.025083488543913735
2026-05-23,656.26,73178744.49039,7.133333333333333e-07,38.0,-0.15797344536905847,0.03591095386234633
2026-05-24,656.57,48408849.31362,6.269e-05,39.0,-0.3172954749221103,0.03197284090612862
2026-05-25,663.15,75917224.40367,3.7869999999999995e-05,40.0,0.0792226007044133,0.05266105553011746
2026-05-26,656.43,80704734.83881,2.7306666666666667e-05,37.0,0.12404773181220158,0.07481989695149993
2026-05-27,648.84,66485960.09763,5.777666666666667e-05,34.0,-0.13748872108199756,0.07798935088775849
2026-05-28,638.24,92468552.2048,1.9293333333333334e-05,32.0,0.16589100889942526,0.041251629529628575
2026-05-29,643.1,73622215.81009,2.6473333333333336e-05,33.0,0.0028328784070827395,0.03246729878260912
2026-05-30,718.74,394144069.03446,8.856333333333333e-05,35.0,0.5,0.26513689427605547
2026-05-31,710.55,275776613.37884,3.8333333333333335e-07,35.0,0.5,0.2524228164032549
2026-06-01,693.1,372540495.34028,3.0573333333333334e-05,31.0,0.5,0.24327412572585305
2026-06-02,650.69,208057216.11828,5.5520000000000004e-05,25.0,0.12431792938318728,0.22402809179624028
2026-06-03,620.63,191310282.31226,4.3683333333333336e-05,23.0,-0.11352609147343584,0.1899191476867359
2026-06-04,604.53,242449840.9478,1.7219999999999998e-05,20.0,-0.06257877429723252,0.15874633593779852
2026-06-05,572.22,310532272.74298,1.366e-05,16.0,-0.2290088965385732,0.11728016896098636
2026-06-06,574.53,129951323.11359,2.2879999999999998e-05,13.0,-0.5,-0.049390906583504535
2026-06-07,604.44,113738381.38438,0.0,15.0,-0.5,-0.01791088229468074
2026-06-08,601.86,73050784.51563,0.0,15.0,-0.5,-0.030175234541803153
2026-06-09,593.44,80170071.45039,0.0,14.0,-0.5,-0.025255023564173973
2026-06-10,586.53,67590250.38691,2.866666666666667e-06,14.0,-0.5,-0.02782887034922843
2026-06-11,605.76,69397543.62643,1.556e-05,16.0,-0.2885018486986795,0.012208776714696778
2026-06-12,603.83,63775900.54681,3.097333333333333e-05,18.0,-0.03308829330886126,0.027819489847046963
2026-06-13,609.65,44483001.45498,1.4013333333333332e-05,20.0,-0.020102577467320193,0.004874099396362297
2026-06-14,616.79,74470618.61585,0.0,23.0,-0.10503600111537983,-0.035382795785790844
2026-06-15,617.87,106139404.52675,2.2023333333333333e-05,25.0,0.05585238495963851,-0.049602383704180575
2026-06-16,604.94,117462205.57618,0.0,24.0,0.08572319602747182,-0.08905792343063101
2026-06-17,603.72,64638688.92073,4.6235e-05,24.0,-0.03931754144285107,-0.06087003745432584
